category,name,description,showroom,warehouse,source_row
Uncategorised,Alum Capacito 5 UF 45V,Alum Capacitor 5 UF 450V,0.0,0.0,3
Uncategorised,alum Capacitor 3 UF 450V,,0.0,0.0,4
Construction Materials,#100 Sand Paper,,0.0,0.0,6
Construction Materials,1 Lot Malandag Panadero Hardwa2,1 Lot Malandag Panadero Hardware Materials (2nd,0.0,0.0,7
Construction Materials,1 Lot Malandag Panadero Hardwa3,1 Lot Malandag Panadero Hardware Materials(3rd D,0.0,0.0,8
Construction Materials,1 Lot Malandag Panadero Hardwar,1 Lot Malandag Panadero Hardware Materials (1st,0.0,0.0,9
Construction Materials,"1""x3""x1.2mm B.I. Tubular Pipe",,0.0,1.0,10
Construction Materials,"1/2"" PPR Coupling",,0.0,0.0,11
Construction Materials,"1/2"" PPR Pipe",,0.0,0.0,12
Construction Materials,"2""x3""x1.2mm B.I. Tubular Pipe",,0.0,1.0,13
Construction Materials,6 Steps Ladder,,0.0,0.0,14
Construction Materials,Additional Order for Malandag,,0.0,0.0,15
Construction Materials,Angle Valve 1/2 G.I,,0.0,0.0,16
Construction Materials,Angle Valve 1/2x1/2 2 way,,0.0,0.0,17
Construction Materials,Angular 1/4 PCW,,0.0,0.0,18
Construction Materials,Baking Soon Tarp,,0.0,0.0,19
Construction Materials,Blind Revits 1/8x3/4,,0.0,0.0,20
Construction Materials,Breaker Panel Board Housing - 1,Breaker Panel Board Housing - 18 Prongs,0.0,0.0,21
Construction Materials,Breaker Panel Board Housing - 8,Breaker Panel Board Housing - 8 Prongs,0.0,0.0,22
Construction Materials,Cement,,0.0,0.0,23
Construction Materials,Check Valve 1/2,,0.0,0.0,24
Construction Materials,Cladding Sheet,ACP Ultrabond E038 Gloss China Red 4mmx4x8,0.0,0.0,25
Construction Materials,Clear Glass,7x10x1/4,0.0,0.0,26
Construction Materials,Clear Glass 1/8,,0.0,0.0,27
Construction Materials,Clear Glass 3/16,,0.0,0.0,28
Construction Materials,Coarse Sand,,0.0,0.0,29
Construction Materials,Copper Elbow 1 1/8,,0.0,0.0,30
Construction Materials,Copper Pipe 1 1/8,,0.0,0.0,31
Construction Materials,Copper Tube 5/8,,0.0,0.0,32
Construction Materials,Copper Tube Bender 5/8,,0.0,0.0,33
Construction Materials,Copper Tube Elbow 5/8,,0.0,0.0,34
Construction Materials,Coupling #1 PVC,"PVC Conduit Elbow 25 - 1""x3 1/2 (45°)",0.0,0.0,35
Construction Materials,Coupling #2 PVC Clean Out,Coupling #2 PVC Clean Out Clean Out,0.0,0.0,36
Construction Materials,Coupling #3 PVC Clean Out,,0.0,0.0,37
Construction Materials,Coupling #3/4 PVC,PVC Coupling Male Adapter #3/4,0.0,0.0,38
Construction Materials,Coupling #4 PVC,,0.0,0.0,39
Construction Materials,Creston Flexible Hose SS 1/2,"Creston Flexible Hose SS 1/2x1/2x18""",0.0,0.0,40
Construction Materials,Crosstee 1/2,,0.0,0.0,41
Construction Materials,Cutting Disc #4,,0.0,0.0,42
Construction Materials,Cutting Disc Ordinary,,0.0,0.0,43
Construction Materials,Deform Bar 10mm,,0.0,0.0,44
Construction Materials,Door/Safety Latches and Inside,Door/Safety Latches and Inside Release Handles 11,0.0,0.0,45
Construction Materials,"Double Throw 60amp, 1P",,0.0,0.0,46
Construction Materials,Epoxy Primer Gray,,0.0,0.0,47
Construction Materials,Faucet,,0.0,0.0,48
Construction Materials,Faucet - Gooseneck,,0.0,0.0,49
Construction Materials,Faucet Plain Bibb 1/2 Med BP,,0.0,0.0,50
Construction Materials,Faucet w/ extendable Hose,Faucet w/ extendable Hose 1-1.5m,0.0,0.0,51
Construction Materials,Flap Disc,,0.0,0.0,52
Construction Materials,Flaring Tools for Copper Tube,,0.0,0.0,53
Construction Materials,Floor Mount 2 Gang,,0.0,0.0,54
Construction Materials,G.I Elbow 5x90,,0.0,0.0,55
Construction Materials,Gas Range Igniter,,0.0,0.0,56
Construction Materials,"Gate Valve 1/2""",,0.0,0.0,57
Construction Materials,Hardiflex 3.5mm,,0.0,0.0,58
Construction Materials,Hardiflex 4.5mm,,0.0,0.0,59
Construction Materials,Heavy Duty Padlock,,0.0,0.0,60
Construction Materials,"Insolation Pipe 1""",,0.0,0.0,61
Construction Materials,Liquid Tight Connector 1/4,,0.0,0.0,62
Construction Materials,Metal Studs 2x3x10ft 0.7mm,,0.0,0.0,63
Construction Materials,Nippon Paint,Nippon Paint Elastex 4.30L,0.0,0.0,64
Construction Materials,OMNI Tubular Light - LT8G-15W-D,OMNI Tubular Light - LT8G-15W-DL,0.0,0.0,65
Construction Materials,Oven Tiles 30x60 Q362,,0.0,250.0,66
Construction Materials,P.E Connector 1/2,,0.0,0.0,67
Construction Materials,P.E Male 1/2,,0.0,0.0,68
Construction Materials,Paint roller ''4,,0.0,0.0,69
Construction Materials,Paint Thinner,,0.0,0.0,70
Construction Materials,PE Coupling #2,,0.0,0.0,71
Construction Materials,PE Coupling Reducer 1x1/2,,0.0,0.0,72
Construction Materials,PE Elbow Reducer 2x1 1/2,,0.0,0.0,73
Construction Materials,PE Pipe #2,,0.0,0.0,74
Construction Materials,Plain Sheet G.22 G.I 4'x8',,2.0,0.0,75
Construction Materials,Plug - Heavy Duty,,0.0,0.0,76
Construction Materials,Plumbing Materials for Samal S,Plumbing Materials for Samal Shores Convention Ce,0.0,0.0,77
Construction Materials,Polyethylene Tape,,0.0,0.0,78
Construction Materials,PVC Clamp 1/2,,0.0,0.0,79
Construction Materials,PVC Coupling Male Adapter #1,,0.0,0.0,80
Construction Materials,"PVC Coupling Threaded - 3/4""",,0.0,0.0,81
Construction Materials,PVC Elbow #1 25x240,,0.0,0.0,82
Construction Materials,PVC Elbow #1/2 20x120,,0.0,0.0,83
Construction Materials,PVC Elbow #3/4 20x240,,0.0,0.0,84
Construction Materials,PVC Elbow #3/4 20x80,,0.0,0.0,85
Construction Materials,PVC Elbow 4x90deg,,0.0,0.0,86
Construction Materials,PVC Fittings,"PVC Tube Pipe Fittings Wye 45°- 5"" (Y')",0.0,0.0,87
Construction Materials,PVC Panel YA-1,,0.0,0.0,88
Construction Materials,PVC Pipe #2,,0.0,0.0,89
Construction Materials,PVC Pipe #4,,0.0,0.0,90
Construction Materials,PVC Solvent 200cc,,0.0,0.0,91
Construction Materials,PVC Tee Reducer,"PVC Tee Reducer 5""",0.0,0.0,92
Construction Materials,PVC Tee Reducer Wye,"PVC Tee Reducer Wye 5""",0.0,0.0,93
Construction Materials,PVC trap #2,,0.0,0.0,94
Construction Materials,"PVC Tube Pipe - 1""","1 length) (PVC Tube Pipe - 1"" (1 length)",0.0,0.0,95
Construction Materials,"PVC Tube Pipe - 2""","1 length) (PVC Tube Pipe - 2"" (1 length)",0.0,0.0,96
Construction Materials,"PVC Tube Pipe - 3""","1 length) (PVC Tube Pipe - 3"" (1 length)",0.0,0.0,97
Construction Materials,PVC Tube Pipe - 3/4,1 length) (PVC Tube Pipe - 3/4 (1 length),0.0,0.0,98
Construction Materials,"PVC Tube Pipe - 6""","1 length) (PVC Tube Pipe - 6"" (1 length)",0.0,0.0,99
Construction Materials,"PVC Tube Pipe Elbow - 3""","45°) (PVC Tube Pipe Elbow - 3"" (45°)",0.0,0.0,100
Construction Materials,"PVC Tube Pipe Elbow - 3""","90°) (PVC Tube Pipe Elbow - 3"" (90°)",0.0,0.0,101
Construction Materials,"PVC Tube Pipe Elbow - 3/4""","45° (PVC Tube Pipe Elbow - 3/4"" (45°)",0.0,0.0,102
Construction Materials,PVC Tube Pipe Fittings Wye 45°-,"PVC Tube Pipe Fittings Wye 45°- 3"" (Y')",0.0,0.0,103
Construction Materials,PVC Tube Pipe Fittings Wye45°-2,"PVC Tube Pipe Fittings Wye 45°- 2"" (Y')",0.0,0.0,104
Construction Materials,PVC Tube Pipe Fittings Wye45°-4,"PVC Tube Pipe Fittings Wye 45°- 4"" (Y')",0.0,0.0,105
Construction Materials,PVC Utility Box,Orange) ROYU (PVC Utility Box (Orange) ROYU,0.0,0.0,106
Construction Materials,PVC Wye #2,,0.0,0.0,107
Construction Materials,Roller Guide,,0.0,0.0,108
Construction Materials,Rubber Insulation 1 1/8 x 3/4,,0.0,0.0,109
Construction Materials,Saddle Clamp 1x1/2,,0.0,0.0,110
Construction Materials,Sand paper,,0.0,0.0,111
Construction Materials,Savoy Piping Tube SPT-30,,0.0,0.0,112
Construction Materials,Sealant ABC 300ml,,0.0,0.0,113
Construction Materials,Signage,Build up w/ Cladding) (Signage (Build up w/ Cladding Background),0.0,0.0,114
Construction Materials,Signage Double Face,,0.0,0.0,115
Construction Materials,Silicon Clear Tube,,0.0,0.0,116
Construction Materials,Silicon Sealant Brown,,0.0,0.0,117
Construction Materials,Sleeving Tube Fiber Glass,,0.0,0.0,118
Construction Materials,Snap On Base/Cover,,0.0,0.0,119
Construction Materials,Solvent 400cc,,0.0,0.0,120
Construction Materials,SS Checkered Plate 3x4x8m,,0.0,0.0,121
Construction Materials,SS Square Tube,3/4 x 1.2mm,0.0,0.0,122
Construction Materials,Stainless Faucet,,0.0,0.0,123
Construction Materials,Tie Wire 2mm,Kilo) (Tie Wire 2mm (Kilo),0.0,0.0,124
Construction Materials,Tiles 40x40 Newstone Gray,,0.0,0.0,125
Construction Materials,Tiles 40x40 White Putikilap,,0.0,0.0,126
Construction Materials,Tubular 2x4x1.5mm,,0.0,0.0,127
Construction Materials,Tubular 3/4 1mm,,0.0,0.0,128
Construction Materials,Vulca Seal,Bostik) (Vulca Seal (Bostik),0.0,0.0,129
Construction Materials,"Wood Screw 2""",,0.0,0.0,130
Construction Materials,Zygma Surface Mounting Frame -,Zygma Surface Mounting Frame - Plastic,0.0,0.0,131
Convan,Bathroom Unit,,0.0,1.0,134
Convan,Brown Prefab House,,0.0,0.0,135
Convan,Busaog bolts&knot,10x70) (Busaog bolts&knot (10x70),0.0,0.0,136
Convan,Carrage knot,,0.0,0.0,137
Convan,Container Van,"Container Van, GSS",0.0,0.0,138
Convan,Container Van - Std White,,0.0,18.0,139
Convan,"EPS Sandwich Panel, 0.3mm",,0.0,0.0,140
Convan,Expandable Container Van White,,0.0,3.0,141
Convan,House with Waterproof Floor,,0.0,0.0,142
Convan,Metal Primer Red Oxide,,0.0,0.0,143
Convan,PreFab Window 1.2cmx1.2cm,,0.0,10.0,144
Convan,PreFab Window Alu 150mmx750mm,,0.0,2.0,145
Convan,Steel Door for Prefab,,0.0,0.0,146
Convan,Tubular 2x3 1.5MM GI,,0.0,0.0,147
Defective Units,"A-MX""8","A - MX 8"" (MX 8"" rechargeable speaker 100watts w/ FM/USB port/Bluetooth)",1.0,0.0,150
Defective Units,AL-1200B,"Box Type Cake Showcase, 1200mm",0.0,1.0,151
Defective Units,AL-1500B,"AL-1500B (Box type Cake Showcase, 1500mm)",0.0,4.0,152
Defective Units,AS- FR 1.2,"AS- FR1.2 (4 Door Freezer, Reach-In)",0.0,0.0,153
Defective Units,AS-10L,"Electric Fryer, 1 Tank 10L",0.0,2.0,154
Defective Units,AS-10L-2,"Electric Deep Fryer, 2Tank 10L",0.0,4.0,155
Defective Units,AS-20L,Electric Fryer with tap,0.0,1.0,156
Defective Units,AS-71A,"AS-71A (Gas Fryer 14L, Temp Control)",0.0,4.0,157
Defective Units,AS-CH1.2,4 Door Reach-in Chiller,0.0,0.0,158
Defective Units,AS-FR-0.6,AS-FR-0.6 (2 Door Stainless Steel Freezer),0.0,0.0,159
Defective Units,AS-J210,Bone Saw Machine,0.0,1.0,160
Defective Units,AS11L-2,AS11L-2 (11L +11L 2-Tank 2- Basket Electric Fryer),0.0,0.0,161
Defective Units,ASGB-249A,Gas Grill 2-Burner,1.0,1.0,162
Defective Units,ASGB-368,ASGB-368 (Gas Chicken Rotisserie 12-16 birds),0.0,4.0,163
Defective Units,ASGB-369A,ASGB-369A (Gas Grill 3-burner),0.0,1.0,164
Defective Units,ASGF-23G,Gas Fryer (1-Tank& 2 Basket),0.0,1.0,165
Defective Units,ASGH-997A,ASGH-997A (6 Gas Range Burner w/ Oven),0.0,1.0,166
Defective Units,AT-1200A,"Vertical Cake Showcase, 1200mm",0.0,5.0,167
Defective Units,AT-1500A,"Vertical Cake Showcase, 1500mm",0.0,4.0,168
Defective Units,BC-1200F,Beverage Freezer 2 Door,0.0,0.0,169
Defective Units,BC-600,Beverage Chiller 1 Door,0.0,0.0,170
Defective Units,BLD160,Immersion Stick Blender,1.0,0.0,171
Defective Units,H50,"H50 (Spiral Mixer, 20kg H50)",0.0,3.0,172
Defective Units,HAS 6-55,MP Security Camera,4.0,0.0,173
Defective Units,HGA-20Q,"Gas Deck Oven , 1 Deck 2 Trays",0.0,5.0,174
Defective Units,ID-150kg,ID - 150kg (ID-150kg),0.0,1.0,175
Defective Units,KS- B20,KS - ATZ-B20 (Flat Spring Scale 20kg),0.0,2.0,176
Defective Units,KS- Storage Box 110L,"KS - Storage Box, 110L (Storage Box, 110L)",0.0,5.0,177
Defective Units,KS - Sauce Dispenser,KS - Sauce Dispenser (Ketchup & Sauce Dispenser),1.0,0.0,178
Defective Units,Llanera,BS - Llanera R (Llanera for Loaf (Regular)),0.0,3.0,179
Defective Units,"Soup Kettle , 10L-6000","CE) (Soup Kettle, 10L - 6000 (CE) (Soup Kettle, 10L - 600",0.0,1.0,180
Defective Units,TD-22,TD Meat Mincer 22 TD-22 (TD Meat Mincer 22 TD-22),0.0,1.0,181
Defective Units,Water Dispenser,Water Dispenser (Mitshu Tech),1.0,0.0,182
Defective Units,Water Dispenser,Gold) (Water Dispenser (Gold),0.0,8.0,183
Defective Units,Water Dispenser,Mitshu Tech) (:Water Dispenser (Mitshu Tech),0.0,0.0,184
Defective Units,Water Dispenser Hot/Cold,,0.0,2.0,185
Defective Units,Water Dispenser,Silver ) (Water Dispenser( Silver ),0.0,2.0,186
Defective Units,WG-32C,WG-32C (Electric Proofer - 32 Trays),0.0,1.0,187
Defective Units,WGBP-20,"Spiral Mixer, 8kg, Computer Pan",0.0,2.0,188
Uncategorised,Dexin Calculator,,0.0,0.0,190
Electrical Supplies,#12 THHN Wire,,0.0,0.0,192
Electrical Supplies,10lbs CO2 Fire Extinguisher,Re (10lbs CO2 Fire Extinguisher (Refill),0.0,0.0,193
Electrical Supplies,10lbs Dry Chem. ABC FireEx,10lbs Dry Chem. Model ABC FireEx (FireEx Refill),4.0,0.0,194
Electrical Supplies,10lbs Dry Chem. Model AEEE,10lbs Dry Chem. Model AEEE Fire Extinguisher (FireEx,0.0,0.0,195
Electrical Supplies,10lbs Dry Chem. Model B&C,10lbs Dry Chem. Model B&C Fire Extinguisher (FireEx Re,0.0,0.0,196
Electrical Supplies,12V DC Male Plug,,0.0,0.0,197
Electrical Supplies,15 Amp Circuit Breaker,Plug in) (15 Amp Circuit Breaker(Plug in),0.0,0.0,198
Electrical Supplies,20lbs A&B AFFF Fire Ex,20lbs A&B AFFF Fire Extinguisher (Refill),0.0,0.0,199
Electrical Supplies,20lbs Dry Chem.,MAP) (20lbs Dry Chem. (MAP) Fire Extinguisher (Refill),0.0,0.0,200
Electrical Supplies,30 Amp Breaker,,0.0,0.0,201
Electrical Supplies,5KVA Automatic Voltage Regulat,5KVA Automatic Voltage Regulator,0.0,0.0,202
Electrical Supplies,Amplifier Outlet,Amplifier - Kinter Brand,0.0,0.0,203
Electrical Supplies,Angle Valve 1/2 x 1/2,YKE Angle Valve YKE-199B 1/2 x 1/2 One way,0.0,0.0,204
Electrical Supplies,Asbestos Wire #14,,11.0,0.0,205
Electrical Supplies,Asbestos Wire #16,,0.0,0.0,206
Electrical Supplies,AVR-20KVA,3Phase) (AVR-20KVA (3Phase),0.0,0.0,207
Electrical Supplies,AVR Cake Chiller 3000 KVA,,0.0,0.0,208
Electrical Supplies,Ball Valve,WOG) (Ball Valve (WOG),0.0,0.0,209
Electrical Supplies,Cable Tie 2.5mm x 100mm,,0.0,0.0,210
Electrical Supplies,CCTV Power Supply 16 Channel 30,CCTV Power Supply 16 Channel 30A,0.0,0.0,211
Electrical Supplies,Circuit Breaker 15 Amps,Royu CB 220V RCB 15A,0.0,0.0,212
Electrical Supplies,Circuit Breaker 15amp,Plug-in) (Circuit Breaker 15amp (Plug-in),0.0,0.0,213
Electrical Supplies,Circuit Breaker 20amp,Plug-in) (Circuit Breaker 20amp (Plug-in),0.0,0.0,214
Electrical Supplies,Circuit Breaker 30Amps,Plug-in) (Circuit Breaker 30 Amps(Plug-in),0.0,0.0,215
Electrical Supplies,Circuit Breaker 40 amps,Plug-i (Circuit Breaker 40 amps (Plug-in),0.0,0.0,216
Electrical Supplies,Circuit Breaker 60amps,Plug-in) (Circuit Breaker 60amps(Plug-in),0.0,0.0,217
Electrical Supplies,Conduit Clamp,"2Holes) (Conduit Clamp MTC-3036 3/4"" Maxten (2Holes)",0.0,0.0,218
Electrical Supplies,Conduit Pipe,20mm) 1/2 x 100m (Cortech Corrugated Flexible Conduit Pipe (20mm) 1,0.0,0.0,219
Electrical Supplies,DVR 8 Channel,,0.0,0.0,220
Electrical Supplies,Electric Hand Drill w/ Hammer,,0.0,0.0,221
Electrical Supplies,Electrical Tape,,0.0,0.0,222
Electrical Supplies,Electrical Tape,Tartan) (Electrical Tape (Tartan),0.0,0.0,223
Electrical Supplies,Emerald Elect'l Pipe,"20mm) (Emerald Elect'l Pipe (20mm) 1/2""",0.0,0.0,224
Electrical Supplies,Emerald Elect'l Pipe,"25mm) (Emerald Electrical Pipe (Red Orange) (25mm) 3/4""",0.0,0.0,225
Electrical Supplies,Emerald Orange P-Trap,"63mm) 2"" (Emerald Orange P-Trap (63mm) 2""",0.0,0.0,226
Electrical Supplies,Emerald PVC Pipe S'1000,"63mm) (Emerald PVC Pipe S'1000 (63mm) 2""x 3m",0.0,0.0,227
Electrical Supplies,Emerald PVC Solvent Cement 400c,Emerald PVC Solvent Cement 400cc,0.0,0.0,228
Electrical Supplies,Extension Wire,,0.0,0.0,229
Electrical Supplies,Female Terminal #14,,0.0,0.0,230
Electrical Supplies,"Fire Alarm Bell 6""",,0.0,0.0,231
Electrical Supplies,"Fire Alarm Bell 8""",Fire Alarm Bell 8inches,0.0,0.0,232
Electrical Supplies,Firefly Dual Lamp,LED) (Firefly Dual Lamp(LED),0.0,0.0,233
Electrical Supplies,Flat Cord #18,,0.0,0.0,234
Electrical Supplies,Flexible Adaptor # 1/2,,0.0,0.0,235
Electrical Supplies,Flexible Hose,50mtrs) #1/2 (Flexible Hose (50mtrs) #1/2,0.0,0.0,236
Electrical Supplies,G.I. Coupling 1/2,,15.0,0.0,237
Electrical Supplies,G.I. Elbow 1/2,,0.0,0.0,238
Electrical Supplies,"G.I. NIpple 1/2 12""",G.I. NIpple 1/2 12inches,0.0,0.0,239
Electrical Supplies,"G.I. Nipple 1/2 4""",G.I. Nipple 1/2 4inches,0.0,0.0,240
Electrical Supplies,G.I. Pipe S40 1/2,,0.0,0.0,241
Electrical Supplies,G.I. Tee 1/2,,0.0,0.0,242
Electrical Supplies,G.I. Union 1/2,,0.0,0.0,243
Electrical Supplies,Generator Circuit Breaker,,0.0,0.0,244
Electrical Supplies,Grinder,Angle Grinder,0.0,0.0,245
Electrical Supplies,Hose Clip 1/2,,0.0,0.0,246
Electrical Supplies,Hose CO2,Hose for CO2,0.0,0.0,247
Electrical Supplies,Hose End 1/2 x 3/8,,40.0,0.0,248
Electrical Supplies,Hose for 10lbs Dry Chem,,0.0,0.0,249
Electrical Supplies,Insolation varnish 1/2 ltr,,0.0,0.0,250
Electrical Supplies,Inverter Machine,Kawasaki Inverter Welding Machine 200amp,0.0,0.0,251
Electrical Supplies,Junction Box,Orange) (Junction Box (Orange) RJB1,0.0,0.0,252
Electrical Supplies,Junction Box Cover PVC,Junction Box Cover PVC Only-Orange RJB2,0.0,0.0,253
Electrical Supplies,KD65,Emergency Light KD65,0.0,0.0,254
Electrical Supplies,Ladder 4x3,multipurpose) (Ladder Multipurpose Alum Kruger 4x3 step 11ft,0.0,0.0,255
Electrical Supplies,Lava rock,2kg per pack,0.0,1.0,256
Electrical Supplies,Led Bulb 12 watts,,0.0,0.0,257
Electrical Supplies,LED Bulb 13watts,LED Bulb Downlight 13watts (Zigma),0.0,0.0,258
Electrical Supplies,Led Bulb 9 Watts,"Led Bulb 9 Watts, Daylight",0.0,0.0,259
Electrical Supplies,LED Driver,Indoor) (LED Driver Indoor,0.0,0.0,260
Electrical Supplies,LED Driver,Outdoor) (LED Driver (Outdoor),0.0,0.0,261
Electrical Supplies,LED Light for Signage,,2.0,0.0,262
Electrical Supplies,Led Light Round Warm Light,FF Led Downlight Basic Series EDL212612WW 12W,0.0,0.0,263
Electrical Supplies,LED Lights for Walk In Freezer,,0.0,0.0,264
Electrical Supplies,LED Rechargeable Emergency Lamp,LED Rechargeable Emergency Lamp EEL/FEL201L LED,0.0,0.0,265
Electrical Supplies,"Liquid Conduit Tight 1""",,0.0,0.0,266
Electrical Supplies,Liquidtight Flexible Conduit,Liquidtight Flexible Conduit 3/4in,0.0,0.0,267
Electrical Supplies,LPG Hose 1/2,,0.0,0.0,268
Electrical Supplies,Male Adapter,"25mm) 3/4"" (Male Adapter (25mm) 3/4""",0.0,0.0,269
Electrical Supplies,Male Plug,,0.0,0.0,270
Electrical Supplies,Male Plug Heavy Duty w/ Ground,,16.0,0.0,271
Electrical Supplies,Male Plug Heavy Duty w/o ground,,21.0,0.0,272
Electrical Supplies,Manual Call Point,Manual Push Point,0.0,0.0,273
Electrical Supplies,MCB 20 Amps,Miniature Circuit Breaker 20 Amps,0.0,0.0,274
Electrical Supplies,MCB 40 Amps,Miniature Circuit Breaker 40 Amps,0.0,0.0,275
Electrical Supplies,MCB Panel Board S' Phase 4 Bran,MCB Panel Board S' Phase 4 Branches,0.0,0.0,276
Electrical Supplies,MCB Panel Board S' Phase 8 Bran,MCB Panel Board S' Phase 8 Branches,0.0,0.0,277
Electrical Supplies,Metal Clamp # 1/2,Metal Clamp #1/2,0.0,0.0,278
Electrical Supplies,No More Nails,,0.0,0.0,279
Electrical Supplies,Outlet Flush Type 1 Gang,,0.0,0.0,280
Electrical Supplies,Outlet Flush Type 3 Prong,Outlet Flush Type 1 Gang 3 Prong,0.0,0.0,281
Electrical Supplies,Parallel Plug - Omni,,0.0,0.0,282
Electrical Supplies,Pigtail Hose 1/2,,8.0,0.0,283
Electrical Supplies,Pin Light 12W Day Light,,0.0,0.0,284
Electrical Supplies,Pin Light 12W Warm,,0.0,0.0,285
Electrical Supplies,Power Supply 20A 12V,,0.0,0.0,286
Electrical Supplies,Power Supply 30A 12V,,0.0,0.0,287
Electrical Supplies,Power Supply for Computer,,0.0,0.0,288
Electrical Supplies,"PVC Conduit Clamp 1/2""","PVC Conduit Clamp 1/2"" (Nail Cable Clip w/ nail 12.5mm)",0.0,0.0,289
Electrical Supplies,"PVC Conduit Clamp 3/4""","PVC Conduit Clamp (Nail Cable Clip w/ Nail) 19.0mm 3/4""",0.0,0.0,290
Electrical Supplies,PVC Elbow 2x45 degree,,0.0,0.0,291
Electrical Supplies,PVC Elbow 2x90 degree,,0.0,0.0,292
Electrical Supplies,PVC Moulding # 3/4,,0.0,0.0,293
Electrical Supplies,PVC Pipe Vinyl 1710,19mmx18.3M (3m Flame Retardant PVC Pipe Vinyl 1710 (19mmx18,0.0,0.0,294
Electrical Supplies,PVC Short elbow # 1/2,,0.0,0.0,295
Electrical Supplies,Receptacle # 4,,0.0,0.0,296
Electrical Supplies,Recessed Downlight,Daylgiht) (Recessed Slim Downlight (Daylgiht) 12watts,0.0,0.0,297
Electrical Supplies,Recessed Downlight,Warmwhite) (Recessed Slim Downlight R.Type 12watts(Warmwhite),0.0,0.0,298
Electrical Supplies,Regulator 4403,,0.0,0.0,299
Electrical Supplies,Riveter,,0.0,0.0,300
Electrical Supplies,Round Floor Panel Light 12W WW,,1.0,0.0,301
Electrical Supplies,Royal cord # 1.25mm x 2,"Royal cord # 1.25mm x 2, 75 meter",0.0,0.0,302
Electrical Supplies,Royal Cord # 16 AWG x 3,,0.0,0.0,303
Electrical Supplies,Royal Cord # 3x2.5mm2,,0.0,0.0,304
Electrical Supplies,Royal Cord #10mm x3c,,0.0,0.0,305
Electrical Supplies,Royal Cord #10mm x4c,,0.0,0.0,306
Electrical Supplies,"Royal Cord #2, 14x2mm",,0.0,0.0,307
Electrical Supplies,Royu 1-G Outlet,Royu Pre-Packed Set WH Series Plate WH-111 (1-G Outlet),0.0,0.0,308
Electrical Supplies,Royu 1-G Switch,Royu Pre Packed set WH Series Plate WH-501 1-G Switch,0.0,0.0,309
Electrical Supplies,Royu 2-G Outlet,Royu Pre-Packed set WH Series Plate WH-113 (2-G Outlet),0.0,0.0,310
Electrical Supplies,Royu 2-G Switch,Royu Pre-Packed set WH Series Plate WH-503 2-G Switch,0.0,0.0,311
Electrical Supplies,Royu 3-G Switch,Royu Pre-Packed set WH series plate WH-505 3-G Switch,0.0,0.0,312
Electrical Supplies,Royu PVC Moulding,"White) (Royu PVC Moulding (White) Rectangular 25mm 1""",0.0,0.0,313
Electrical Supplies,Royu PVC Moulding,White) 16mm (Royu PVC Moulding (White) Rectangular RPE 16x16 (,0.0,0.0,314
Electrical Supplies,Royu PVC Switch Box,White) (Royu PVC Switch Box (White) RUB2 w/ Tox & screw,0.0,0.0,315
Electrical Supplies,Royu RCP4 Blank Plate,Royu WH Series Palte RCP4 Blank Plate,0.0,0.0,316
Electrical Supplies,Running Capacitor 40 UF,Running Capacitor 40 UF - 450 Volts,0.0,0.0,317
Electrical Supplies,Signage with light 12V,,0.0,0.0,318
Electrical Supplies,Silicon Gunner,,0.0,0.0,319
Electrical Supplies,Silicon Tube 8mm,,0.0,0.0,320
Electrical Supplies,Smoke Detector Battery Operated,,0.0,0.0,321
Electrical Supplies,Speaker Wire,1.25mm2 / 2C) (Royu Speaker Wire 150 meters (1.25mm2 / 2C) # 16/2C,0.0,0.0,322
Electrical Supplies,Square Box,w/ Cover & Screw) (PVC Square Box RUB3 w/ Cover & Screw,0.0,0.0,323
Electrical Supplies,Stainless Coupling 1/2 2 inch,,0.0,0.0,324
Electrical Supplies,Stainless Elbow 1/2,,0.0,0.0,325
Electrical Supplies,Starter Capacitor 300-360 UF,Starter Capacitor 300-360 UF 220V,0.0,0.0,326
Electrical Supplies,Starter Capacitor 400UF,Starter Capacitor 400UF - 250 Volts,0.0,0.0,327
Electrical Supplies,Surface Frame 12watts,Surface Frame for 12watts Recessed Downlight (Zigma),0.0,0.0,328
Electrical Supplies,Switch Box,,0.0,0.0,329
Electrical Supplies,Switch Flush Type 1 Gang,,0.0,0.0,330
Electrical Supplies,T5 9W Warm White,,0.0,0.0,331
Electrical Supplies,T5 LED Tube 2ft WW,,0.0,0.0,332
Electrical Supplies,T5 LED Tube 3ft WW,,0.0,0.0,333
Electrical Supplies,T8 18W Glass,,0.0,0.0,334
Electrical Supplies,T8 Casing,,0.0,0.0,335
Electrical Supplies,T8 Led Lights Day Light,,0.0,0.0,336
Electrical Supplies,"Teflon Tape # 3/4"" x 10m","Tombo Teflon Tape (Malaysia) # 3/4"" x 10m",0.0,0.0,337
Electrical Supplies,THHN Stranded,2.0mm2) (Royu THHN Stranded (2.0mm2) #14/7x150M Black,0.0,0.0,338
Electrical Supplies,THHN Stranded,3.5mm2) (Royu THHN Stranded (3.5mm2) # 12/7x150M Black,0.0,0.0,339
Electrical Supplies,THHN Stranded,5.5mm2) (Royu THHN Stranded (5.5mm2) # 10/7x150M Black,0.0,0.0,340
Electrical Supplies,THHN Stranded,8.0mm2) (Royu THHN Stranded (8.0mm2) # 8/7x100M Black,0.0,0.0,341
Electrical Supplies,THHN Wire #14,,0.0,0.0,342
Electrical Supplies,Thin Wire # 10,,0.0,0.0,343
Electrical Supplies,Timer Switch,Camsco Brand) (Timer Switch (Camsco Brand) 24hrs,0.0,0.0,344
Electrical Supplies,Transformer 15kva 440v to 220v,,0.0,0.0,345
Electrical Supplies,Transformer for CCTV 60 Watts,Transformer for CCTV 60 Watts (LED DRIVER),0.0,0.0,346
Electrical Supplies,Utility Box,Orange) (PVC Utility Box (Orange) RUB1,0.0,0.0,347
Electrical Supplies,Vacuum w/ Blower,,0.0,0.0,348
Electrical Supplies,Ventilating Fan #14,Ventilating Fan #14 (Boston Bay Brand),0.0,0.0,349
Electrical Supplies,Vulcaseal 75ml jr.,Super Vulcaseal 75ml jr.,0.0,0.0,350
Electrical Supplies,YJA-COB 12W 3K,,0.0,0.0,351
Uncategorised,Epson Dot Matrix LX310,,0.0,0.0,353
Equipment,02-CH1.2,Reach-in Chiller 4 Doors,0.0,0.0,355
Equipment,02-GH-997A,"6 Range Burner with oven, Gas",0.0,0.0,356
Equipment,02Discovery Shore-Walk,Discovery Shore-Walk-in Storage (Freezer),0.0,0.0,357
Equipment,02Discovery Shore-Walk-in Stora,02Discovery Shore-Walk-in Storage (Chiller),0.0,0.0,358
Equipment,10L Bowl Cutter,,0.0,0.0,359
Equipment,18 Tier Closed Type Aluminum Ba,18 Tier Closed Type Aluminum Baking Tray Rack,0.0,0.0,360
Equipment,"2 Door Freezer, 700mm SS","2 Doo (2 Door Freezer, 700mm SS (2 Door Freezer, 700mm",0.0,0.0,361
Equipment,2FC - 700,2 Doors Combi Freezer/Chiller,0.0,0.0,362
Equipment,3 Deck Steamer,3 Deck Steamer 910*810*1850,0.0,1.0,363
Equipment,3 Door Pizza Worktable,,0.0,0.0,364
Equipment,320HS,3 Door Beer Display Showcase,0.0,0.0,365
Equipment,4 Door Freezer,"Berjaya) (4 Door Stainless Steel Freezer, 1300mm",0.0,0.0,366
Equipment,4 Doors Freezer Stainless Steel,,0.0,0.0,367
Equipment,"4 in 1 Toast tin, 450g",,0.0,0.0,368
Equipment,"4 in 1 Toast tin, 900g",,0.0,0.0,369
Equipment,4 Range Burner w/ Oven,,0.0,0.0,370
Equipment,5 Layer LP Burner,,0.0,0.0,371
Equipment,6G,Pasta Cooker 6 Holes - Gas,0.0,0.0,372
Equipment,A - Aircon 0.6hp,TCL Aircon 0.6hp,0.0,0.0,373
Equipment,A - BK-182,Speaker BK-182,0.0,0.0,374
Equipment,A - Exhaust Fan wall,"Exhaust Fan, Wall Mounted",0.0,0.0,375
Equipment,"A - JBL 8""","JBL 8"" Rechargeable speaker 100watts class A w/ FM/USB port / Bluetooth",0.0,0.0,376
Equipment,"A - MASS 8""","MASS 8"" Speaker Rechargeable w/ FM / USB port / Bluetooth",0.0,0.0,377
Equipment,"A - MX 8""","MX 8"" rechargeable speaker 100watts w/ FM/USB port/Bluetooth",0.0,0.0,378
Equipment,ABM-24,Electric Bain Marie 4 pans,0.0,1.0,379
Equipment,Air Compressor 1hp,,0.0,0.0,380
Equipment,Aircon Kolin -1.0HP,Aircon Brand: Kolin -1.0HP - Window type Inverter,0.0,0.0,381
Equipment,Aircon Kolin -1.5HP,Aircon Kolin -1.5HP Window Type Inverter,0.0,0.0,382
Equipment,Aircon TCL 4hp Floor Mounted 3T,,0.0,0.0,383
Equipment,AL-1200A,Box Type Cake Showcase w/ Marble Stand -1200mm,0.0,0.0,384
Equipment,AL-1200B,"Box Type Cake Showcase, 1200mm",0.0,0.0,385
Equipment,AL-1500B,"Box type Cake Showcase, 1500mm",0.0,6.0,386
Equipment,AL-200T,Standing Vacuum Machine10L/H,0.0,0.0,387
Equipment,AL-400T,Standing Vacuum Machine 420x425x65,0.0,0.0,388
Equipment,AL-450-3,Vacuum Machine w/ stainless Steel Lid 200kg,0.0,1.0,389
Equipment,AL-600L,Standing Vacuum Machine 630x630x100,0.0,0.0,390
Equipment,AL-700,"Tabletop Cake Showcase, 700mmL",0.0,0.0,391
Equipment,AL-900 Box,Tabletop Cake Showcase,0.0,0.0,392
Equipment,AL-900 Curved,"Tabletop Cake Showcase,900L",0.0,1.0,393
Equipment,AL - 855,Black Tabletop Cake Showcase,0.0,0.0,394
Equipment,American Pro Water Dispenser,,0.0,0.0,395
Equipment,AS- FR1.2,"4 Door Freezer, Reach-In",0.0,2.0,396
Equipment,AS-100,Peanut Butter Grinder,1.0,2.0,397
Equipment,AS-10L-2,"Electric Deep Fryer, 2 Tank 10L",0.0,1.0,398
Equipment,AS-10L Rice Cooker,Capacity 10L,1.0,2.0,399
Equipment,AS-11L,"Electric Deep Fryer, 1 Tank 11L",1.0,1.0,400
Equipment,AS-11L-2,11L +11L 2-Tank 2- Basket Electric Fryer,0.0,0.0,401
Equipment,AS-12KW,Steam Boiler,0.0,0.0,402
Equipment,AS-168 ice shaver machine,pink (Equipment: AS-168 ice shaver machine (pink),1.0,0.0,403
Equipment,AS-20L,Electric Fryer with tap,0.0,0.0,404
Equipment,AS-250B1,SL Meat Slicer 10 MS-250,0.0,3.0,405
Equipment,AS-2S,Food Warming Lamp,0.0,2.0,406
Equipment,AS-300B1,SL Meat Slicer 12 MS-300,0.0,0.0,407
Equipment,AS-4V,Electric Bain Marie,0.0,2.0,408
Equipment,AS-50L,50L Air Pump for ASCY-35,0.0,0.0,409
Equipment,AS-71A,"Gas Fryer 14L, Temp Control",0.0,1.0,410
Equipment,AS-811E,Single Head Plate Panini Grill,0.0,2.0,411
Equipment,AS-813,Electric Double Plate Panini Grill,0.0,0.0,412
Equipment,AS-827,Food Display Warmer - HW-2PS,0.0,0.0,413
Equipment,AS-862,Hot Warm Showcase,0.0,0.0,414
Equipment,AS-BSF1500,Ice Maker 750kg/day,0.0,1.0,415
Equipment,AS-BY169,Ice Crusher Machine,0.0,3.0,416
Equipment,AS-C300,Drum Cooking Machine (Cabinet),0.0,0.0,417
Equipment,AS-CB35L,Coffee Boiler 35L,0.0,0.0,418
Equipment,AS-CF-1.2,4 Doors Combi Freezer & Chiller,0.0,0.0,419
Equipment,AS-CF-1.8,6 Doors Upright Chiller/Freezer,0.0,0.0,420
Equipment,AS-CH-0.6,Reach-in Chiller 2 Door,0.0,4.0,421
Equipment,AS-CH-1.2,4 Door Reach-in Chiller,0.0,5.0,422
Equipment,AS-CKF60L,Electric Convection Oven 5 Trays,0.0,0.0,423
Equipment,AS-CMR3,Electric Bibingka Oven,0.0,1.0,424
Equipment,AS-CO20,Electric Combi-Oven 20*1/1,0.0,0.0,425
Equipment,AS-CR-1.8,6 Doors Chiller 1000L with wheels,0.0,1.0,426
Equipment,AS-CRM3200H,Gemilai Coffee Machine - Single,1.0,0.0,427
Equipment,AS-CT450,Electric Conveyor Toaster,0.0,0.0,428
Equipment,AS-CW08,Chips Warmer,0.0,0.0,429
Equipment,AS-DC1500,"Undercounter Worktable Chiller, Drawer Type",0.0,0.0,430
Equipment,AS-DF20L,Electric Donut Fryer 20L,0.0,8.0,431
Equipment,AS-DT1500,Worktable Chiller 6 Drawers,0.0,0.0,432
Equipment,AS-DW1-1,Table Top Dishwashing Machine w/ soap dispenser,0.0,0.0,433
Equipment,AS-E520,Standing Dough Sheeter 45mm,0.0,0.0,434
Equipment,AS-EMA25,Microwave Oven 25L,0.0,0.0,435
Equipment,AS-F815,Chaffing Dish - Round for Soup SS- Gold,0.0,0.0,436
Equipment,AS-FC16-26,Semi-Automatic Dough Divider & Rounder,0.0,0.0,437
Equipment,AS-FR-0.6,2 Door Stainless Steel Freezer,0.0,3.0,438
Equipment,AS-FR-1.8,6 Door Freezer,0.0,0.0,439
Equipment,AS-FR1.8,6 Door Reach-in Freezer,0.0,0.0,440
Equipment,AS-FS60A,Commercial Hood Type Dishwasher,0.0,0.0,441
Equipment,AS-GF182,"Gas Deep Fryer, 18L x 2",0.0,1.0,442
Equipment,AS-GG1150,"Gas Griddle, Griller w/ Lava Rock",1.0,4.0,443
Equipment,AS-GG90,Gas griddle/ Griller with lava Rock,0.0,0.0,444
Equipment,AS-GS14,Gas Salamander 61x53x62cm,0.0,1.0,445
Equipment,AS-HKQ7,Automatic Cup Sealer 300/500cup/hr,1.0,3.0,446
Equipment,AS-J210,Bone Saw Machine,0.0,4.0,447
Equipment,AS-LT12,12 Trays Dehydrator oven with all Stainless steel & glass door,0.0,0.0,448
Equipment,AS-LT16,16 Trays Dehydrator Oven,0.0,0.0,449
Equipment,AS-QS810,Food Processor 10L,0.0,1.0,450
Equipment,AS-SP10L,"Soup Kettle, 10L",0.0,0.0,451
Equipment,AS-ST120,Slotted Rack SS,0.0,0.0,452
Equipment,AS-WC1800,Worktable Chiller 3 Door,0.0,1.0,453
Equipment,AS - 10L,"Electric Fryer, 1 Tank 10L",0.0,0.0,454
Equipment,AS - 10L-2,"Electric Fyrer, 2 Tank 10L",0.0,0.0,455
Equipment,AS - 520,Standing Dough Sheeter (Steel Gear+Chain),0.0,0.0,456
Equipment,AS - 7910R,Gas Charboiler Grill 3 Burners,0.0,0.0,457
Equipment,AS - 900N,Coffee Grinder,0.0,0.0,458
Equipment,AS - GS16,Gas Salamander 86x53x62cm,1.0,0.0,459
Equipment,AS - JDP,Dumpling Wrapper Machine,1.0,0.0,460
Equipment,AS - WF1500G,2 Glass Door WT Freezer,0.0,0.0,461
Equipment,AS13GH,"Coffee and Tea SS Dispenser, Gold",2.0,0.0,462
Equipment,AS4A,Electric Convection Oven,0.0,0.0,463
Equipment,ASCY-35,Pneumatic Pancake Maker Machine,0.0,0.0,464
Equipment,ASD4-558,Supermarket Display Freezer 558L,0.0,0.0,465
Equipment,ASEG-686,Counter Top Electric Flat Griddle,1.0,2.0,466
Equipment,ASEH-500L,Siopao Steamer,0.0,5.0,467
Equipment,ASFB-500B,Ultraviolet Sterilization Knife Box,0.0,0.0,468
Equipment,ASGB-249A,Gas Grill 2-burner,1.0,1.0,469
Equipment,ASGB-368,Gas Chicken Rotisserie 12-16 birds,0.0,0.0,470
Equipment,ASGB-369A,Gas Grill 3-burner,0.0,0.0,471
Equipment,ASGB-589,02- Gas Grill 2-Burner w/ Lava Rock Counter top,0.0,0.0,472
Equipment,ASGF-23G,Gas Fryer (1-Tank& 2 Basket),0.0,0.0,473
Equipment,ASGF-985-2,Gas 2-Tank Fryer (2 Basket) with Cabinet,0.0,0.0,474
Equipment,ASGF-985-4,Gas 2-Tank Fryer (4 Basket) with Cabinet,0.0,1.0,475
Equipment,ASGH-24,Gas Flat Griddle 600mm,0.0,0.0,476
Equipment,ASGH-2S,2 Burner Countertop Gas Range,0.0,0.0,477
Equipment,ASGH-4B,4 Burner Gas Range with Stand,1.0,2.0,478
Equipment,ASGH-4S,4 Burner Countertop Gas Range,0.0,5.0,479
Equipment,ASGH-588,Counter Top Gas Pasta Cooker 4 holes,1.0,3.0,480
Equipment,ASGH-6B,Gas Range with 6-Burner,1.0,3.0,481
Equipment,ASGH-730,Gas Griddle with Fryer,0.0,1.0,482
Equipment,ASGH-987A,4 Gas Range Burner w/ Oven,0.0,3.0,483
Equipment,ASGH-997A,6 Gas Range Burner w/ Oven,0.0,1.0,484
Equipment,ASGH - 980,80L Gas Tilting Braising Pan,0.0,0.0,485
Equipment,ASRB-6H,Gas Range with 6 Burner,0.0,2.0,486
Equipment,AT-1200A,"Vertical Cake Showcase, 1200mm",0.0,3.0,487
Equipment,AT-1500A,"Vertical Cake Showcase, 1500mm",0.0,2.0,488
Equipment,AT-1800,Vertical Cake Chiller 1800,0.0,0.0,489
Equipment,AT-1800b,Cake Chiller Box Type,0.0,0.0,490
Equipment,ATG-900F,2 Door Beer Showcase,0.0,0.0,491
Equipment,Automatic Rapid,,0.0,0.0,492
Equipment,AW-12L,Bowl Food Cutter - 12L,0.0,0.0,493
Equipment,B-301SA,Storage Bin (IM-220AA),0.0,0.0,494
Equipment,B10,"Planetary Mixer, 10L",1.0,0.0,495
Equipment,B10021-3,Warming Tray 2IR Warmer,0.0,0.0,496
Equipment,B15,"Planetary Mixer, 15L",1.0,1.0,497
Equipment,B20,"Planetary Mixer, 20L",0.0,0.0,498
Equipment,B4TS,"Bread Toaster, 4 Slice",1.0,0.0,499
Equipment,B5,Planetary Mixer 5L,0.0,0.0,500
Equipment,B7as,"Planetary Mixer, 7L As",0.0,0.0,501
Equipment,Band Sealer Continues,,0.0,1.0,502
Equipment,BC-1200,Beverage Chiller 2 Door 1200x700x2130mm,0.0,2.0,503
Equipment,BC-1200F,Beverage Freezer 2 Door,1.0,0.0,504
Equipment,BC-1220*760*1980mm,Beverage Chiller 2 Glass Door 1220*760*1980mm,0.0,0.0,505
Equipment,BC-1800,Beverage Chiller 3 Door 1800x700x2130mm,0.0,2.0,506
Equipment,BC-600,Beverage Chiller 1 Door,0.0,5.0,507
Equipment,BD-330,Portrait Ironing Machine,0.0,0.0,508
Equipment,Belgian Waffle Maker Single,,0.0,0.0,509
Equipment,"Beverage chiller, 3 Door",,0.0,0.0,510
Equipment,"Beverage Freezer, 2 Door",,0.0,0.0,511
Equipment,"Beverage Freezer, 3 Door",,0.0,0.0,512
Equipment,BH-10,Planetary Mixer 10L,0.0,0.0,513
Equipment,BLD160,Immersion Stick Blender,0.0,0.0,514
Equipment,Bookshelf 4s w/ Glass CHC,,0.0,0.0,515
Equipment,"Box Type Cake Chiller, Black",,0.0,0.0,516
Equipment,"Box Type Cake Showcase, 1500mm",,0.0,0.0,517
Equipment,"Bread Dough Roller 16"" 1.5HP",,0.0,0.0,518
Equipment,Bread Slicer Machine,"with Stand , 31 Blades - Local",0.0,0.0,519
Equipment,Bread/Dough Molder,,0.0,2.0,520
Equipment,BTC-1318,"Tray Cart, 16 Trays - 13*18""",0.0,0.0,521
Equipment,BTC-16C,"Tray Cart, 16 Tier",0.0,0.0,522
Equipment,BTC-32C,Bread Trolley Cart 32 Trays for HG-32Q,0.0,1.0,523
Equipment,Buffet Juice Dispenser,"Buffet Juice Dispenser, Rose Gold",0.0,0.0,524
Equipment,"Buffet Lamp, Glass Round",,0.0,0.0,525
Equipment,C-14,Low Pressure Burner,0.0,0.0,526
Equipment,Cake & Cookie Depositor,,0.0,0.0,527
Equipment,Cake Filling Machine Mold,,0.0,0.0,528
Equipment,CD-5000F,Walk-in Freezer 5000*2500*2400mm,0.0,0.0,529
Equipment,"Chaffing Dish, Rectangular",,0.0,0.0,530
Equipment,Chest Type Freezer,"Chest Type Freezer, 10 CU.M",0.0,0.0,531
Equipment,Chest Type Freezer 20 cu.ft.,,0.0,0.0,532
Equipment,Chiller Room,Walk-in Chiller,0.0,0.0,533
Equipment,"Chrome Wire Shelf, 3ft",,0.0,0.0,534
Equipment,"Chrome Wire Shelf, 5ft",,0.0,0.0,535
Equipment,"Chrome Wire Shelf, 6ft",,0.0,0.0,536
Equipment,CJ-1530,,0.0,3.0,537
Equipment,CJ-1830,2 Deck Shelf 201SS,0.0,1.0,538
Equipment,Coffee Boiler 30L,,0.0,0.0,539
Equipment,"Coffee Boiler, 25L",,0.0,0.0,540
Equipment,Coffee Machine 2 Grp w/ Grinder,"CRM 3120C, 022 Grinder - Black",1.0,0.0,541
Equipment,Coffee Machine w/ Grinder,CRM3120C and 022 White Grinder,0.0,0.0,542
Equipment,Conveyor Dishwashing Machine,Conveyor Diswashing Machine,0.0,0.0,543
Equipment,Cooling Tower + Bread Slicer,,0.0,0.0,544
Equipment,Crossback Chair,"Crossback Chair, Wooden",0.0,0.0,545
Equipment,CSJ-1595,Electric bain Marie with Glass Cover,1.0,0.0,546
Equipment,CW - 2000G,Chinese Wok 2 Burner with 2 rear pot with blower,0.0,2.0,547
Equipment,CW1100G,Mid Size Wok Range 1 Burner & 1 Rear Pot,0.0,1.0,548
Equipment,DH-863,Food Warm Showcase,0.0,12.0,549
Equipment,Disk 26,Disk for Dough Diver Rounder 26,0.0,1.0,550
Equipment,Donut Display Frying Cart,,0.0,0.0,551
Equipment,Donut Frying Display-PVC,Donut Frying Display - PVC,0.0,0.0,552
Equipment,Dough Sheeter Standing,,0.0,0.0,553
Equipment,Dough Sheeter Tabletop,,0.0,0.0,554
Equipment,Dry Age Refrigerator,,0.0,0.0,555
Equipment,DT1500,SS Worktable Chiler Drawer,0.0,0.0,556
Equipment,EB-202,Electric 2 Layer Chicken Rotisserie,0.0,1.0,557
Equipment,EDF-25L,Electric Donut Deep Fryer,0.0,4.0,558
Equipment,Egg Mixer 5L,,1.0,0.0,559
Equipment,Electric Bain Marie,Electric Bain Marie with food and lid,0.0,0.0,560
Equipment,Electric Combi Oven,,0.0,2.0,561
Equipment,"Electric Deck Oven, 1 Deck 2 Tr","Electric Deck Oven, 1 Deck 2 Trays",0.0,0.0,562
Equipment,"Electric Deep Fryer, 1 Tank 6L",,0.0,0.0,563
Equipment,Electric Griddle,,0.0,0.0,564
Equipment,Electric Kettle 1L,,0.0,0.0,565
Equipment,"Electric Kettle, Camel",CK1830S,0.0,0.0,566
Equipment,"Electric Rice Steamer, 12 Trays",,0.0,1.0,567
Equipment,Equipment Stand,,0.0,0.0,568
Equipment,ES-700,Equipment Stand 70x74x85cm,0.0,3.0,569
Equipment,ESD-4A,"Electric Convection Oven, 4 Tray",1.0,2.0,570
Equipment,FDM-100,Soybean Grinder,0.0,0.0,571
Equipment,Food Dehydrator 20 trays,Food Dehydrator 20 trays HFD-20,0.0,0.0,572
Equipment,Food Mixer 7L,WG-7L,2.0,4.0,573
Equipment,Freezer Room,Walk-in Freezer,0.0,0.0,574
Equipment,"Gas Deck Oven, 3 Deck 6 Trays",,0.0,0.0,575
Equipment,"Gas Deck Oven, 3 Deck 9 Trays",,0.0,0.0,576
Equipment,Gas Deep Fryer Double Tank 13L,Gas Deep Fryer Double Tank 13,0.0,0.0,577
Equipment,Gas Griddle 900mm,,0.0,0.0,578
Equipment,Gas Griddle w/ Grove,,0.0,0.0,579
Equipment,"Gas Griller, Lava Rock",,0.0,0.0,580
Equipment,Gas Jacketed Kettle 100L,,0.0,0.0,581
Equipment,Gas Jacketed Kettle 50L,Gas Jacketed Kettle 50 AL,0.0,0.0,582
Equipment,Gas Rice Steamer 10 trays,,0.0,0.0,583
Equipment,Gas Salamander 6 Burners,,0.0,0.0,584
Equipment,GB - 369A,Gas Charboiler Grill,0.0,0.0,585
Equipment,GDF-25L Gas Fryer 25L,"Upright Gas Fryer 25L, 1 Tank 2 basket",0.0,0.0,586
Equipment,GDF181 - Gas Fryer,"Gas Fryer, 1 Tank 18L",0.0,0.0,587
Equipment,GDF182 Gas Fryer,"Gas Fryer, 2 Tank 18Lx2",0.0,0.0,588
Equipment,Gear Build Up for Rotary Oven,,0.0,0.0,589
Equipment,Generator Set - 10KVA,,0.0,0.0,590
Equipment,GF-72A,"Gas Fryer, 2 Tank 14L - Counter Top",0.0,1.0,591
Equipment,GF - 985-2,Gas 2-Tank Fryer (2 basket) with Cabinet,0.0,0.0,592
Equipment,GH - 24,Gas Flat Griddle,0.0,0.0,593
Equipment,GSD-10L,"Gas Deep Fryer, 10L",0.0,0.0,594
Equipment,GZ01GH,"Buffet Juice Dispenser, 1 Tank 8L",0.0,10.0,595
Equipment,H20,"Spiral Mixer, 8kg H20",0.0,0.0,596
Equipment,H40,"Spiral Mixer, 16kg",0.0,0.0,597
Equipment,H50,"Spiral Mixer, 20kg H50",0.0,0.0,598
Equipment,HC-425B,Wine Showcase - Black,0.0,0.0,599
Equipment,HE-C40,Low Pressure Burner Model 7.6 kg's,0.0,3.0,600
Equipment,HF-1R,1-Plate Waffle Baker,0.0,0.0,601
Equipment,HF-2R,2-Plate Waffle Baker,1.0,1.0,602
Equipment,HF-4GC,Electric 4-Hole Gold Coin Burning Machine,1.0,1.0,603
Equipment,HG-32Q,32 Trays Gas Rotary Rack Oven,0.0,1.0,604
Equipment,HGA-20Q,"Gas Deck Oven , 1 Deck 2 Trays",0.0,0.0,605
Equipment,HGA-312Q,"Gas Deck Oven, 3 Deck 12 Trays",0.0,0.0,606
Equipment,HGA-318Q,"Gas Deck Oven, 3 Deck 18 Trays",0.0,0.0,607
Equipment,HGA-40Q,"Gas Deck Oven, 2 Deck 4 Trays",0.0,0.0,608
Equipment,HGA - 40Q,2 Deck Gas Oven 8 Trays,0.0,0.0,609
Equipment,HGD-20Q,"Gas Deck Oven, 1 Deck 2 Trays",0.0,2.0,610
Equipment,HGD-312Q,"Gas Deck Oven, 3 Deck 12 Trays",0.0,0.0,611
Equipment,HGD-318Q,3 Deck Gas Oven - 18 Trays,0.0,0.0,612
Equipment,HGD-40Q,2 Deck Gas Oven - 4 Trays,0.0,3.0,613
Equipment,Hgs-6,Gas 6 range burner,0.0,0.0,614
Equipment,High Pressure Burner,,0.0,0.0,615
Equipment,High Pressure Burner 200000 BTU,,0.0,5.0,616
Equipment,HS20,Spiral Mixer 8kg,0.0,3.0,617
Equipment,HS40,Spiral Mixer 16kg,0.0,5.0,618
Equipment,HS50,Spiral Mixer 20kg,0.0,3.0,619
Equipment,HS60,"25kg, Spiral Mixer - Double Speed",0.0,0.0,620
Equipment,HW-2P,Food Display Warmer - HW-2P,1.0,3.0,621
Equipment,HW-862,Food Display Warmer - HW-862,0.0,0.0,622
Equipment,IC 1500E,Ice Maker 400V/60hz/3ph capacity 700 kg/24h,0.0,0.0,623
Equipment,IC1500E,Ice Maker 220V/60hz/1ph capacity 700kg/24h,0.0,1.0,624
Equipment,Ice Cube Maker Machine,,0.0,2.0,625
Equipment,Ice Maker Machine 220V/700kg,,0.0,1.0,626
Equipment,Ice Maker Machine FM-150KE,Hoshizaki Brand,0.0,0.0,627
Equipment,ID-60KG,Ice Maker 60kgs,1.0,2.0,628
Equipment,ID - 150kg,ID-150kg,0.0,5.0,629
Equipment,IM-220AA,Cube Ice Maker Machine (Bin not Included),0.0,0.0,630
Equipment,Induction Cooker,"Induction Cooker , Double",0.0,0.0,631
Equipment,"Induction Cooker, Single",,1.0,4.0,632
Equipment,inJoy Whipped Cream Dispenser,inJoy Whipped Cream Dispenser (Aluminum),0.0,0.0,633
Equipment,IT - HAS 6-55,MP Security Camera,0.0,0.0,634
Equipment,IT - Tablet Huawei,POS Table Huawei T10,0.0,0.0,635
Equipment,JD18Lx2,"Juice Dispenser 2 Tank, 18L x 2 (AS-J18LX2)",0.0,2.0,636
Equipment,JQ-8L,Sauce Pump 8L,1.0,4.0,637
Equipment,JQS-4L,Electric Sauce Pump 4L,0.0,2.0,638
Equipment,JTC Blender 1.5L,,0.0,0.0,639
Equipment,JTC Blender Pitcher 1.5L,,0.0,0.0,640
Equipment,JTC Blender Reduction Cover,,0.0,2.0,641
Equipment,JTC TM-767,JTC TM767 Blender 2.0L,0.0,1.0,642
Equipment,JTC TM-767A,"JTC TM-767A 2L, Automatic",0.0,0.0,643
Equipment,JTC TM-800AQ,JTC TM-800AQ Blender with Cover,1.0,0.0,644
Equipment,JTC TM - 800,JTC TM - 767A 1.5L with Manual Controls,0.0,0.0,645
Equipment,JW-FL02,Egg Separator Machine,0.0,0.0,646
Equipment,KS6801GH,Chaffing Dish - Square SS Gold ks6801gH,4.0,2.0,647
Equipment,KS6806GH,Round Chafing Dish,2.0,8.0,648
Equipment,KTB-4B,Silverware Caddy 4 Holes,0.0,0.0,649
Equipment,LJY-210A,"Electric Induction Cooker, Single",1.0,8.0,650
Equipment,LM-2S,Lamp Warmer,0.0,0.0,651
Equipment,Lot 1 Cooling System for Dimsum,,0.0,0.0,652
Equipment,LR201B,"03-LR201B Combi Oven Electric, capacity 20*1/1 GN 400V/60HZ/3PH",0.0,1.0,653
Equipment,Machine Head for IC-1500E,for Ice Machine,0.0,1.0,654
Equipment,Manual Sausage,Tying Machine) (Manual Sausage(Tying Machine),1.0,6.0,655
Equipment,Manual Sealer,,0.0,0.0,656
Equipment,Merchandise Chiller Glss Dr 269,,0.0,0.0,657
Equipment,Merchandise Chiller Glss Dr 368,Merchandise Chiller Glass Dr 368,0.0,0.0,658
Equipment,Merchandise Chiller Glss Dr 508,Merchandise Chiller Glass Dr 508 2 Doors,0.0,0.0,659
Equipment,Merchandise Chillr Glss Dr 1260,Merchandise Chiller Glass Dr 1260 3 Doors,0.0,0.0,660
Equipment,Mist Fan,,0.0,0.0,661
Equipment,Miter Saw,,0.0,2.0,662
Equipment,Miter Saw Blade,,0.0,0.0,663
Equipment,Mobile Banquet Cart,"Mobile Banquet Cart, 1 Door",0.0,0.0,664
Equipment,Mono Autojammer,Mono Autojammer / Jelly Filling Machine,0.0,0.0,665
Equipment,MS1200,"Deck Metal Shelves, 5 Layers",0.0,1.0,666
Equipment,Noodle Machine,With Round Knife and Spatula,0.0,0.0,667
Equipment,Oven Toaster,Oven Toaster 2-Layer,0.0,0.0,668
Equipment,Panini Grill Double,,0.0,0.0,669
Equipment,Panini Grill Electric,big) (Panini Grill Electric (big),0.0,0.0,670
Equipment,Panini Grill Electric,small) (Panini Grill Electric (small),0.0,0.0,671
Equipment,Panini Grill Single,,0.0,0.0,672
Equipment,Pasta Cooker 6 Holes,,0.0,0.0,673
Equipment,Pasta Cooker with Cabinet,,0.0,0.0,674
Equipment,Percolator 10L,"Percolator 10L, Coffee Boiler",0.0,0.0,675
Equipment,Photographic Printed Vinyl Stic,Photographic Printed Vinyl Sticker on 2mm Sintra,0.0,0.0,676
Equipment,"Planetary Mixer, 8L",,0.0,0.0,677
Equipment,Platforms Cart,,0.0,0.0,678
Equipment,Pop Corn Maker,,1.0,0.0,679
Equipment,Portable Pressure Washer,,0.0,0.0,680
Equipment,Portrait ironing machine,,0.0,0.0,681
Equipment,POS Huawei Tablet,,0.0,0.0,682
Equipment,POS Tablet,POS Tablet (Real Me Brand),1.0,0.0,683
Equipment,Princeton Walk-in Chiller,2.6x3x3 LWH,0.0,0.0,684
Equipment,Princeton Walk-in Freezer,3x3x3 LWH,0.0,0.0,685
Equipment,Range Burner Stove,,0.0,0.0,686
Equipment,Range Hood,"Range Hood ,SS Body 60cmW",0.0,0.0,687
Equipment,Range Hood 60CM,"SS Range Hood 60CM, (Fujidenzo)",0.0,0.0,688
Equipment,Rect Chafing Dish SS,"Rect Chafing Dish SS, with heating Pad",0.0,0.0,689
Equipment,Rect Chafing Dish SS Gn 1/2,Rect Chafing Dish SS Gn 1/2 X 2 with Heating Pad,0.0,0.0,690
Equipment,Refrigerator,Fujidenzo,0.0,0.0,691
Equipment,Retractable Awning Canopy 3x2m,,0.0,0.0,692
Equipment,Rolling Machine,"Rolling Machine, 16""",0.0,0.0,693
Equipment,"Rotary Gas Oven, 32 Trays",,0.0,0.0,694
Equipment,Rotary Oven 32 trays Rubber,,0.0,0.0,695
Equipment,RT-158MA,"Undercounter Chiller ,1500mmL",0.0,0.0,696
Equipment,Salad Preparation Table,,0.0,0.0,697
Equipment,SD - 15L,Ice Slush Machine (AS-S15LX2),0.0,2.0,698
Equipment,SLG-1200,5 Drawers Pizza Worktable Chiller,0.0,0.0,699
Equipment,SLG-1500,2 Door Pizza Worktable Chiller,0.0,0.0,700
Equipment,SLG-1500C,2 Door Pizza Worktable Chiller w/ chopping board,0.0,0.0,701
Equipment,SLG-1500C 3,3 Door Pizza Worktable Chiller w/ chopping board,0.0,3.0,702
Equipment,SLG-1800C,3 Door Pizza Worktable Chiller w/ chopping board,0.0,0.0,703
Equipment,SM-RX12,"Gas Rice Steaming Cart,12 trays",0.0,5.0,704
Equipment,SM-RX24,Gas Rice Steamer 24 Trays,1.0,1.0,705
Equipment,SM-RX8,Gas Rice Steamer 8 Trays,0.0,4.0,706
Equipment,"Small Cooler, 30L",,2.0,1.0,707
Equipment,Snowflake Ice Machine,,0.0,1.0,708
Equipment,Soft Ice Cream Machine Counter,AO-IC8218T,0.0,0.0,709
Equipment,Soft Ice Cream Machine Standing,AIC-Z965 540x700x1360mm,1.0,1.0,710
Equipment,Sound System,2units Targa 3-Way Speakers & 1 unit Amplifier soundbox,0.0,0.0,711
Equipment,Soup Extra Bowl,,0.0,0.0,712
Equipment,"Soup Warmer, Electric",,0.0,0.0,713
Equipment,Spiral Mixer Bowl,HS50) (Spiral Mixer Bowl (HS50),0.0,5.0,714
Equipment,Spiral Mixer Control Board HS40,Spiral Mixer Control Board + Sticker+ Emergency,0.0,16.0,715
Equipment,Spiral Mixer Control Board HS50,Spiral Mixer Control Board + sticker+ emergency,0.0,15.0,716
Equipment,Spiral Mixer Control Board HS60,Spiral Mixer Control Board + sticker+ emergency,0.0,16.0,717
Equipment,"Spiral Mixer, 12.5Kg",,0.0,0.0,718
Equipment,"Spiral Mixer, 20kg",,0.0,0.0,719
Equipment,"Spiral Mixer, 20kg 2 Speed",,0.0,0.0,720
Equipment,"Spiral Mixer, 32kg",,0.0,0.0,721
Equipment,"Spiral Mixer, 50Kg",,0.0,1.0,722
Equipment,"Spiral Mixer, 8kg, Non-Computer","Spiral Mixer, 8kg, Non-Computer Pan",0.0,0.0,723
Equipment,Spoon & Fork Sterilizer,"Spoon & Fork Sterilizer, 4 Holes",0.0,0.0,724
Equipment,Stand Fan,,0.0,0.0,725
Equipment,Steam boiler,,0.0,0.0,726
Equipment,SV-10L/A,Electric Sausage Stuffer - 10L,0.0,0.0,727
Equipment,TC-12A,Meat Mincer SS 150kg/h,0.0,0.0,728
Equipment,TC-22A,Meat Mincer SS 220-300kg/h,1.0,2.0,729
Equipment,TD-12,TD Meat Mincer 12,0.0,0.0,730
Equipment,TD-22,TD Meat Mincer 22,0.0,0.0,731
Equipment,TK-12,Electric Meat Grinder- 120-200kg/h,1.0,0.0,732
Equipment,TK-22,Electric Meat Grinder- 220-300kg/h,0.0,1.0,733
Equipment,Toast Bread Grinder Machine,,0.0,0.0,734
Equipment,TS-5 Touchless Car Wash Machine,,0.0,0.0,735
Equipment,Undercounter Chiller,Berjaya) (Undercounter Chiller (Berjaya),0.0,0.0,736
Equipment,"Undercounter Freezer, 2 Door 15",,0.0,0.0,737
Equipment,Undercounter Glass Diswashe,Undercounter Glass Diswasher,0.0,0.0,738
Equipment,Undercounter Refrigerator,,0.0,0.0,739
Equipment,Undercounter Worktable Freezer,,0.0,2.0,740
Equipment,Vacuum Packing Machine,,0.0,0.0,741
Equipment,Vacuun ironing board electric,Vacuum ironing board: electric and automatic steam,0.0,0.0,742
Equipment,VCS-1200*770*1800mm,Vertical CakeShowcase 1200*770*1800mm,0.0,0.0,743
Equipment,Veetsan Hood Type Diswasher,,0.0,0.0,744
Equipment,"Vertical Cake Showcse Blk,1500","Vertical Cake Showcase Blk,1500mm",0.0,0.0,745
Equipment,"Vertical Cake Showcse wht,1500","Vertical Cake Showcase white,1500",0.0,0.0,746
Equipment,Warehouse Racking 3decks Main F,Warehouse Racking 3decks Main Frame,0.0,6.0,747
Equipment,Warehouse Racking 3decks SubF,Warehouse Racking 3decks SubFrame,0.0,46.0,748
Equipment,Warming Cabinet,"Warming Cabinet, Single Door",0.0,2.0,749
Equipment,Warming showcase - 601,Warming showcase 601,0.0,3.0,750
Equipment,Washing Machine,,0.0,0.0,751
Equipment,Water Boiler 12L,,0.0,0.0,752
Equipment,Water Chiller 200L,,0.0,0.0,753
Equipment,Water Dispenser - Eureka Eco,,0.0,0.0,754
Equipment,Water Dispenser,Gold) (Water Dispenser (Gold),0.0,0.0,755
Equipment,Water Dispenser,Mitshu Tech) (Water Dispenser (Mitshu Tech),0.0,0.0,756
Equipment,Water Dispenser,Silver) (Water Dispenser (Silver),0.0,0.0,757
Equipment,Water Dispenser Hot/Cold,,0.0,0.0,758
Equipment,Water Tank - 1000L,Water Tank - 1000L -Polyethylene,0.0,0.0,759
Equipment,WC-1270,Worktable Chiller 2 Door 1200x700x850,0.0,0.0,760
Equipment,WC-1280,Worktable Chiller 2 Door 1200x800x850,0.0,2.0,761
Equipment,WC-1560,"Undercounter Chiller, S/S 2 Door 1500x600x850",0.0,1.0,762
Equipment,WC-1570,"Undercounter Chiller, S/S 2 Door 1500x700x850",0.0,0.0,763
Equipment,WC-1580,"Undercounter Chiller, S/S 2 Door 1500x800x850",0.0,0.0,764
Equipment,WC-WF1560,"Undercounter Freezer, S/S 2 Door 1500x600x850",0.0,1.0,765
Equipment,WC - 1880G3,3 Glass Door WT Chiller 1800x800x850mm,0.0,0.0,766
Equipment,WC - 1280G3,Equipment:2 Glass Door WT Chiller 1200x800x850mm,0.0,0.0,767
Equipment,WG-100U,4 Row Gas Donut Machine,0.0,0.0,768
Equipment,WG-32C,Electric Proofer - 32 Trays,0.0,0.0,769
Equipment,WG-32K,32 Trays Proofer Electric,0.0,2.0,770
Equipment,WG-520,Standing Dough Sheeter,0.0,1.0,771
Equipment,WG-5L,Food Mixer 5L,1.0,2.0,772
Equipment,WG-B30,Food Mixer 30L,0.0,0.0,773
Equipment,WG-Q31,Bread Slicer Machine,0.0,0.0,774
Equipment,WG - 520B,Tabletop Dough Sheeter,0.0,0.0,775
Equipment,WG - B10,Food Mixer 10L,0.0,1.0,776
Equipment,WG - B15,Food Mixer 15L,0.0,1.0,777
Equipment,WG - B20,Food Mixer 20L,1.0,1.0,778
Equipment,WG - B40,Food Mixer 40L,0.0,3.0,779
Equipment,WG - 16K,Electric Proofer 16Trays,0.0,0.0,780
Equipment,WGBP-20,"Spiral Mixer, 8kg, Computer Pan",0.0,1.0,781
Equipment,WGBP-30,"Spiral Mixer 12kg, Computer Pan",0.0,0.0,782
Equipment,WGBP-80,"Spiral Mixer 25Kg, Computer Panel",0.0,0.0,783
Equipment,WGP-1-4,1 Deck Gas Pizza Oven,0.0,1.0,784
Equipment,WJ-8 Gas Rotisserie,Gas Chicken Rotisserie 8 Rods,0.0,0.0,785
Equipment,WJG-4P,4 Rods Gas Chicken Rotisserie,1.0,0.0,786
Equipment,"Worktable Chiller, 3 Door","AS-WC1800 Undercounter Chiller, S/S 3 Door",0.0,0.0,787
Equipment,XDG-280L,Sterilizer 280L,0.0,0.0,788
Equipment,XZ-100,Stainless + Sink Bowl,0.0,8.0,789
Equipment,ZQ-1650L,4 Door Display Showcase,0.0,0.0,790
Equipment,ZSEX-120,"2 Compartment Sinktables, 1200mmL",0.0,2.0,791
Equipment,ZT-1270,SS Table w/ bottom Shelves 1200X700X800,0.0,5.0,792
Equipment,ZT-1570,SS Table w/ bottom Shelves 1500X700X800,0.0,3.0,793
Equipment,ZT-1880,SS Table w/ bottom Shelves,0.0,1.0,794
Uncategorised,Eureka Industrial Wall Fan 16',Eureka Industrial Wall Fan 16,0.0,0.0,796
Uncategorised,Exhaust Fan Wall 12',,0.0,0.0,797
Uncategorised,Flat Overload 1/3hp,,0.0,0.0,798
Local Fabrication,1 Bowl Sink Table 1000x600x860,,0.0,0.0,800
Local Fabrication,1 Lot 13 - Units SS Sump Pans,,0.0,0.0,801
Local Fabrication,1 Set Fab Kitchen for Argao Res,,0.0,0.0,802
Local Fabrication,2 Tab Sink Table,"2 Tab Sink Table 7ft x 2ft x 34"" height Sink Size: 460mm x 600",0.0,0.0,803
Local Fabrication,3 Low Pressure Burner,3 Low Pressure Burne,0.0,0.0,804
Local Fabrication,3HP + 1LP Burner 5x70x80,,0.0,0.0,805
Local Fabrication,Additional for Ph 1-Princeton,,0.0,0.0,806
Local Fabrication,Aluminum Bread Showcase,,0.0,0.0,807
Local Fabrication,Aluminum Proofer,Aluminum Proofer - 2 Doors,0.0,1.0,808
Local Fabrication,Aluminum Proofer - 1 Door,,0.0,0.0,809
Local Fabrication,Baffle Hood,,0.0,0.0,810
Local Fabrication,Bakers Table 1000ml,Bakers Table 1000ml x 700 x 850mmH,0.0,0.0,811
Local Fabrication,Bakers Table 1600mml,,0.0,0.0,812
Local Fabrication,"Bakers Table, 1800x700x800",,0.0,0.0,813
Local Fabrication,Blinds 10ft x 5ft,,0.0,0.0,814
Local Fabrication,Brass Fittings for Greenchalk,,0.0,0.0,815
Local Fabrication,Clear Glass 50x80,,0.0,0.0,816
Local Fabrication,Computer Table Plain,,0.0,0.0,817
Local Fabrication,Corner Table 700x700x860,,0.0,0.0,818
Local Fabrication,Dish Drying Rack,Dish Drying Rack (4 layers) 1200x500x1500,0.0,0.0,819
Local Fabrication,Donut Showcase with Trade Bolt,,0.0,0.0,820
Local Fabrication,"Equipment Stand Table, 900mm",,0.0,0.0,821
Local Fabrication,Exhaust Hood 01,Exhaust Hood 01 2100x1000x500,0.0,0.0,822
Local Fabrication,Exhaust Hood 02,Exhaust Hood 02 10500X1000X500,0.0,0.0,823
Local Fabrication,Exhaust Hood Canopy type,,0.0,0.0,824
Local Fabrication,EXHAUST HOOD W/ BAFFLE FILTER,,0.0,0.0,825
Local Fabrication,Fire Suppression System,,0.0,0.0,826
Local Fabrication,Food Warmer Customized,,0.0,0.0,827
Local Fabrication,Garbage Can w/ Dolly,Garbage Can w/ Dolly 450 dia.x600H,0.0,0.0,828
Local Fabrication,Glass,,0.0,0.0,829
Local Fabrication,Grease Trap,20-GPM) (Grease Trap (20-GPM) 600x450x300,0.0,0.0,830
Local Fabrication,Island Prep Table w/ Overshelf,"Island Prep Table w/ Overshelf, Extension Shelves",0.0,0.0,831
Local Fabrication,LARD BIN 700X500X750,,0.0,0.0,832
Local Fabrication,"Local Fab, 3 Open Top Combi","Local Fab, 3 Open Top Combi Burner (1-LP , 2-HP) 180",0.0,0.0,833
Local Fabrication,"Local Fab, Cake Prep Table",Cake Prep Table,0.0,0.0,834
Local Fabrication,"Local Fab, Doughnut Frying Tabl","Local Fab, Doughnut Frying Table",0.0,0.0,835
Local Fabrication,"Local Fab, Food Warmer w/ Body","Local Fab, 4-Pans Cap. Food Warmer w/ Body, Tray",0.0,0.0,836
Local Fabrication,"Local Fab, Grease Trap 15 GPM",,0.0,0.0,837
Local Fabrication,"Local Fab, Table w/ Overshelves","Local Fab, Table w/ Overshelves, 6ft",0.0,0.0,838
Local Fabrication,"Local Fab, Utility Food Cart","Local Fab, Utility Food Cart 800mmL x 500mmW x 1136",0.0,0.0,839
Local Fabrication,"Local Fabrication, Table Tray",,0.0,0.0,840
Local Fabrication,LPG Pipe Lines,,0.0,0.0,841
Local Fabrication,P.Donut Catcher Table,P.Donut Catcher Table 45*70*41cmH,0.0,0.0,842
Local Fabrication,P.donuts Fryer Table for 4 row,,0.0,0.0,843
Local Fabrication,P.Donuts Overshelves 2200mmL,,0.0,2.0,844
Local Fabrication,P.Donuts SS Table,P.Donuts SS Table 2200x700x800mmH,0.0,2.0,845
Local Fabrication,P.Donuts Tray Table,"P.Donuts Tray Table, 46*70*82cmH",0.0,1.0,846
Local Fabrication,Pantry Rack,5 layers)1200x400x (Pantry Rack (5 layers)1200x400x1700,0.0,0.0,847
Local Fabrication,Patriot FT-R24,for 2 Burner,0.0,0.0,848
Local Fabrication,Pot wash Sink,3-Bowls) (Pot wash Sink (3-Bowls) 2400x600x860,0.0,0.0,849
Local Fabrication,Pot wash Sink,3-Bowls) 02 (Pot wash Sink (3-Bowls) 1800x600x860,0.0,0.0,850
Local Fabrication,Pot wash Sink,3-Bowls) 03 (Pot wash Sink (3-Bowls) 2100x600x860,0.0,0.0,851
Local Fabrication,Prep Table w/ Condiments,Prep Table w/ Condiments Cold Pan Tank,0.0,0.0,852
Local Fabrication,RED EXTENSION SIGNAGE,4.46 X 1 (RED EXTENSION SIGNAGE (4.46 X 1.65),0.0,0.0,853
Local Fabrication,Slotted Draining Shelf,Slotted Draining Shelf 2400x400x250,0.0,0.0,854
Local Fabrication,Slotted Draining Shelves,Slotted Draining Shelves 1800x400x250,0.0,0.0,855
Local Fabrication,Soiled Dish Table,Soiled Dish Table 1800x700x860,0.0,0.0,856
Local Fabrication,SS 10 Layer Cooling Rack,,0.0,0.0,857
Local Fabrication,SS 2 Compt. Sink Table,SS 2 Compt. Sink Table 2200x700x800,0.0,0.0,858
Local Fabrication,SS BAKER'S TABLE W/ MID & BOTTO,SS BAKER'S TABLE W/ MID & BOTTOMSHELF 1000MMLX60,0.0,0.0,859
Local Fabrication,SS Breadshowcase 150x60x90cm,,0.0,0.0,860
Local Fabrication,SS Breadshowcase 240x60x90cm,,0.0,0.0,861
Local Fabrication,SS Breadshowcase 326x60x90cm,,0.0,0.0,862
Local Fabrication,SS Burner table with Prep,SS Burner table with Prep Counter with Bottom Shelves,0.0,0.0,863
Local Fabrication,SS Dimsum Cart,SS Dimsum Cart 780Lx440Wx880H,0.0,0.0,864
Local Fabrication,SS Double Container Cake Cart,,0.0,0.0,865
Local Fabrication,SS Doughnut Frying Table,,0.0,1.0,866
Local Fabrication,SS Fab Bakery Area,,0.0,0.0,867
Local Fabrication,SS Fab Butchery Area,,0.0,0.0,868
Local Fabrication,SS Fab Chinese Kitchen Area,SS Fab Cooking Kitchen Area,0.0,0.0,869
Local Fabrication,SS Fab Cold Dishwashing Area,,0.0,0.0,870
Local Fabrication,SS Fab Cold Kitchen/Prep Area,,0.0,0.0,871
Local Fabrication,SS Fab Cold Storage Area,,0.0,0.0,872
Local Fabrication,SS Fab Hot Kitchen Area,SS Fab Hot KitchenArea,0.0,0.0,873
Local Fabrication,SS Fab Plating/Dispatching Area,,0.0,0.0,874
Local Fabrication,SS Fab Receiving Area,,0.0,0.0,875
Local Fabrication,SS Fab Storage Area,,0.0,0.0,876
Local Fabrication,SS Fab Walk-in Area,,0.0,0.0,877
Local Fabrication,SS FILLER TABLE W/ BS,SS FILLER TABLE W/ BS 400MMLX800MMWX860MMH+150BS,0.0,0.0,878
Local Fabrication,SS FLOUR BIN 500X400X700,,0.0,0.0,879
Local Fabrication,SS Food Trolley Cart,S Food Trolley Cart,0.0,0.0,880
Local Fabrication,SS Grease Trap,,0.0,0.0,881
Local Fabrication,SS GREASE TRAP-20GPM,SS GREASE TRAP-20GPM 600MMLX450MMWX300MMH,0.0,1.0,882
Local Fabrication,SS Island Table,"SS Island Table, 2500mmL",0.0,0.0,883
Local Fabrication,"SS Island Table, 1500mmL",,0.0,0.0,884
Local Fabrication,SS Kitchen for Larisse,,0.0,0.0,885
Local Fabrication,SS KITCHEN SINK,SS KITCHEN SINK 1000MMLX600MMWX860MMH,0.0,0.0,886
Local Fabrication,SS Managers Table,,0.0,0.0,887
Local Fabrication,SS OVERHEAD 2 LAYERS,SS OVERHEAD 2 LAYERS 1000MMLX350MMWX750MMH,0.0,0.0,888
Local Fabrication,SS OVERSHELVES,SS OVERSHELVES 2400MMLX500MMWX1400MMH,0.0,0.0,889
Local Fabrication,SS PLAIN RACK-4LAYERS,SS PLAIN RACK-4LAYERS 1200MMLX500MMWX1500MMH,0.0,0.0,890
Local Fabrication,SS Pot Kettle,,0.0,0.0,891
Local Fabrication,SS PREP COUNTER W/ MBS,S'S PREP COUNTER W/ MBS 1800MMLX600MMWX860MMH,0.0,0.0,892
Local Fabrication,SS PREP COUNTERS W/ MBS,SS PREP COUNTERS W/ MBS 2400MMLX600MMWX860MMH+150BS,0.0,0.0,893
Local Fabrication,SS PREP TABLE W/ MBS,SS PREP TABLE W/ MBS 1800MMLX600MMWX860MMH+150BS,0.0,0.0,894
Local Fabrication,SS PREP TABLE W/ MID & BOTTOMSH,SS PREP TABLE W/ MID & BOTTOMSHELF 1000MMLX600M,0.0,0.0,895
Local Fabrication,SS Single Sink Base Counter,SS Single Sink Base Counter w/ Single Door,0.0,0.0,896
Local Fabrication,SS Single Sinktables,,0.0,0.0,897
Local Fabrication,SS Table Trays,,0.0,1.0,898
Local Fabrication,SS Table w/ bottom shelves,1.45cmx45cmx80cm,0.0,0.0,899
Local Fabrication,SS Table w/ Tubular Bracing,SS Table w/ Tubular Bracing 2050mmLx950mmWx788mmH,0.0,0.0,900
Local Fabrication,SS Table w/ wheel,61x66x45cm for gas fryer,0.0,0.0,901
Local Fabrication,SS Table with Bottom Shelves,"SS Table with Bottom Shelves, 2500mmL",0.0,0.0,902
Local Fabrication,SS Table with Mid & bottom 1800,"SS Table with Mid & bottom Shelves, 1800mm*70*85",0.0,0.0,903
Local Fabrication,Stainless 2 Compt Sink Table,,0.0,0.0,904
Local Fabrication,Stainless Sink Table,,0.0,0.0,905
Local Fabrication,Stainless Steel Cabinet,Stainless Steel Cabinet 1350mmL x 450mmW x 1760mmH,0.0,0.0,906
Local Fabrication,Stainless Steel Sinktable,Stainless Steel Sinkable 3 Compartment 2438x700x850mmH,0.0,0.0,907
Local Fabrication,Stainless Steel Table 135x90x80,,0.0,0.0,908
Local Fabrication,Stainless Steel Table w/ Sink,Stainless Steel Table w/ Sink & Bottom Shelves,0.0,0.0,909
Local Fabrication,"Stainless Steel Table, 1800mm",,0.0,0.0,910
Local Fabrication,"Stainless Steel Table, 600mm",,0.0,0.0,911
Local Fabrication,Stainless Steel Triple Faucet,Stainless Steel Triple Faucet Sinks w/ Cross Braci,0.0,0.0,912
Local Fabrication,Stainless Steel Utility Rack,Stainless Steel Utility Rack (4 Layers )1200mmL x 5,0.0,0.0,913
Local Fabrication,Stainless Table,,0.0,0.0,914
Local Fabrication,Stainless Table w/ Mid & Bottom,Stainless Table w/ Mid & Bottom Shelves 1080mmL,0.0,0.0,915
Local Fabrication,Stainless Table w/ two tub sink,,0.0,0.0,916
Local Fabrication,Stainless TableCabinet 400x85,Stainless Table Cabinet 400cmx85cm,0.0,0.0,917
Local Fabrication,SUGAR BIN 500X400X700,,0.0,0.0,918
Local Fabrication,TRASH BIN 400X400X650,,0.0,0.0,919
Local Fabrication,Wall Cladding,Wall Cladding 12.5Mx1200H,0.0,0.0,920
Local Fabrication,Wall Mounted Shelves,Wall Mounted Shelves 1800x300x250,0.0,0.0,921
Local Fabrication,Work Table 01 1960x600x860,,0.0,0.0,922
Local Fabrication,Work Table 02 1081x600x860,,0.0,0.0,923
Local Fabrication,Work Table 03 2491x600x860,,0.0,0.0,924
Local Fabrication,Work Table w/ Back Spash,Work Table w/ Back Spash 2000x600x860,0.0,0.0,925
Local Fabrication,Work Table w/ Back Splash,L) (Work Table w/ Back Splash (L Shaped) 1388x2000Lx60,0.0,0.0,926
Local Fabrication,YEAST BIN 500X400X700,,0.0,0.0,927
Service Unit,AS- FR-0.6,2 Door Stainless Steel Freezer- Richard,0.0,0.0,930
Service Unit,AS- QS810,AS-QS810 (Food Processor 10L),0.0,0.0,931
Service Unit,AT-1500,"Vertical Cake Showcase, 1500mm",0.0,1.0,932
Service Unit,"Bakers Table, 1800x700x800",,0.0,1.0,933
Service Unit,BC-1200,Beverage Chiller 2 Door 1200x700x2130mm- Edmond Pang,0.0,0.0,934
Service Unit,BC-1800,Beverage Chiller 3 Door 1800x700x2130mm,0.0,0.0,935
Service Unit,"Beverage Freezer, 3 Door","Beverage Freezer, 3 Door: Edmond pang",0.0,0.0,936
Service Unit,Digital Weighing Scale Non Rech,,0.0,1.0,937
Service Unit,ESD-4A,"Electric Convection Oven, 4 Tray- Robata Concept",0.0,1.0,938
Service Unit,Lifter,,0.0,0.0,939
Service Unit,Lifter 500kg,Lifter 500kgs with charger,0.0,0.0,940
Service Unit,"Planetary Mixer, 7L",,0.0,1.0,941
Service Unit,SM-RX12,"Gas Rice Steaming Cart ,12 Trays",1.0,1.0,942
Service Unit,Temperature Control,,0.0,0.0,943
Service Unit,WGBP-30,"Spiral MIxer 12kg, computer panel",0.0,0.0,944
Service Unit,ZSEX-120,ZSEX-120 - 2 compartment sinktable 1200mm,0.0,1.0,945
Service Unit,Service Unit,Service Unit) - Other,1.0,0.0,946
Small Items,10lbs dry chemical,MAP) fire e (10lbs dry chemical (MAP) fire extinguisher,4.0,0.0,949
Small Items,"4"" Center Wall Faucet","4"" Center Wall Faucet Pre-Rinse",0.0,0.0,950
Small Items,A- Flat Iron,,0.0,0.0,951
Small Items,"A- Stand Fan, 16""",,0.0,0.0,952
Small Items,A - Exhaust Fan,Exahaust Fan (16inc.),0.0,0.0,953
Small Items,"A - Fan 42""","Ceiling Fan, 42""",5.0,0.0,954
Small Items,A - Orbit Fan,Orbit Fan,0.0,0.0,955
Small Items,A - SIF1802,Stand Fan Camel,0.0,0.0,956
Small Items,A - Speaker -JBL,JBL speaker,0.0,0.0,957
Small Items,A - Speaker K,"Speaker, Brand Konzert",0.0,0.0,958
Small Items,A - Speaker w/ amp,Speaker w/ amplifier,2.0,0.0,959
Small Items,A - TV Bracket,TV Bracket Swivel 180,0.0,0.0,960
Small Items,A - Wall Fan,Wall Fan,0.0,0.0,961
Small Items,A - Wall Fan camel,Camel Industrial Wall Fan,0.0,0.0,962
Small Items,A - Amplifier,"Amplifier, Brand Konzert",0.0,0.0,963
Small Items,Acrylic Glass,,21.0,0.0,964
Small Items,Acrylic w Decal Cutouts,Room Label,0.0,0.0,965
Small Items,Advertising Lamp,,0.0,0.0,966
Small Items,AS-4A Pan,Pan for Convection Oven,0.0,0.0,967
Small Items,AS-FS60A,Soap Dispenser for Hoodtype Dishwasher,0.0,0.0,968
Small Items,AS-SST4060,02- Stainless Steel Trays 40x60x2cm,0.0,0.0,969
Small Items,Ball Pen Black,,0.0,0.0,970
Small Items,Ballpen,Black) (Ballpen (Black),30.0,0.0,971
Small Items,Bar Spoon,PD) (Bar Spoon (P.Donuts),0.0,0.0,972
Small Items,Bilao,,2.0,0.0,973
Small Items,Bilao #20,,0.0,0.0,974
Small Items,Binder Clip,,3.0,0.0,975
Small Items,Biometrics,,3.0,0.0,976
Small Items,Blinds 5ft x 5ft,with ube/pilipit print,1.0,0.0,977
Small Items,Blinds 5ftx5ft Panadero Print,,0.0,0.0,978
Small Items,Blinds 8ft x 12ft,,0.0,1.0,979
Small Items,Blinds 8ft x 5ft,Blinds 8ft x 5ft w/ Prints Panadero Bakeshop,0.0,0.0,980
Small Items,Blinds 8ft x 6ft,,0.0,0.0,981
Small Items,Blinds 8ft x 8ft,,0.0,0.0,982
Small Items,Blinds 8ftx14ft,with Panadero Print,0.0,0.0,983
Small Items,Blinds 8ftx14ft Panadero Print,,0.0,0.0,984
Small Items,Bond Paper Short,Ream,1.0,0.0,985
Small Items,Bowl for B30,2024 year machine,0.0,2.0,986
Small Items,BS - Apron,Apron,0.0,0.0,987
Small Items,BS - AS-10S,"Electronic Scale 5kg, bowl type",1.0,2.0,988
Small Items,BS - AS-632T,Digital Pricing Scale,0.0,0.0,989
Small Items,BS - ASDQ20,"ASDQ20 SS Whisk, 20""",1.0,0.0,990
Small Items,BS - ASJZ9,"ASJZ9 Tong (Heat Resistance) 9""",0.0,0.0,991
Small Items,BS - BM-40,Brioche Mould BM-40,0.0,9.0,992
Small Items,BS - Bun Trays,Burger Bun Trays,2.0,0.0,993
Small Items,BS - Cake Mold,Cake Mould CM-40,0.0,9.0,994
Small Items,"BS - Cake Mold 7""","Chiffon Cake Molder 7""",0.0,0.0,995
Small Items,"BS - Cake Mold 9""","Chiffon Cake Molder 9""",26.0,0.0,996
Small Items,BS - Cake Molder Rec,Cake Molder Rectangular 8*12*3,0.0,0.0,997
Small Items,BS - Cake Molder Rnd,Cake Molder Round 8*3,0.0,0.0,998
Small Items,BS - Cake Molder S,Cake Molder Square 8*8*3,0.0,0.0,999
Small Items,BS - Cake Ribbon,Cake Ribbon Red 2cm width,0.0,0.0,1000
Small Items,BS - Display Tray B,Display Tray - Brown L,0.0,0.0,1001
Small Items,BS - Display Tray O,Display Tray - Orange,0.0,0.0,1002
Small Items,BS - Display Tray W,"Serving Tray , Plastic",116.0,0.0,1003
Small Items,BS - Donut Cutter 7,Donut Cutter 7 cm,0.0,0.0,1004
Small Items,BS - Donut Cutter 7.5,Donut Cutter 7.5 cm,0.0,0.0,1005
Small Items,BS - Dough Cutter 7,Doughnut Cutter outer diameter 7.0cm,0.0,0.0,1006
Small Items,BS - Dough Cutter 7.5,Doughnut Cutter outer diameter 7.5cm/inner diameter 3.0cm,0.0,0.0,1007
Small Items,BS - Dough Cutter P,Plastic Dough Cutter,0.0,0.0,1008
Small Items,BS - Dough Cutter SS,Dough Cutter- Stainless Steel,6.0,0.0,1009
Small Items,BS - Dough Roller,Dough Roller Docker,0.0,0.0,1010
Small Items,BS - Hotdog Molder,Hotdog Molder,0.0,0.0,1011
Small Items,BS - Hygrometer,Hygrometer,0.0,0.0,1012
Small Items,BS - LKP-30 Alu Tray,"Baking Pan Tray, 40x60cm",0.0,0.0,1013
Small Items,BS - Llanera,Llanera for Loaf 41/4x494x10,0.0,0.0,1014
Small Items,BS - Llanera J,Llanera for Loaf (Jumbo),11.0,0.0,1015
Small Items,BS - Mixing Bowl 36,"Mixing Bowl, 36cm SS",0.0,0.0,1016
Small Items,BS - Muffins Molder,"Muffins Moulder 11""",0.0,0.0,1017
Small Items,BS - Oven Tray,Non-Stick Oven Tray,0.0,0.0,1018
Small Items,BS - Pala,Pala (Wooden),4.0,0.0,1019
Small Items,BS - Pastry Brush Ny B,Pastry Brush Nylon Big,6.0,0.0,1020
Small Items,BS - Pastry Brush Ny S,Pastry Brush Nylon Small,0.0,0.0,1021
Small Items,BS - Pastry Brush S,Pastry Brush (small),1.0,0.0,1022
Small Items,BS - Pastry Brush Set,Small Items:Pastry Brush (Set small & Big ),0.0,0.0,1023
Small Items,"BS - Pei Molder 9""","Pineapple Pie Molder 9""",0.0,0.0,1024
Small Items,BS - Piping Bag,Piping bag,0.0,0.0,1025
Small Items,BS - Plantsa,Plantsa,332.0,0.0,1026
Small Items,BS - Star Tip,Star Tip,0.0,0.0,1027
Small Items,BS - Torta Molder,Torta Molder,221.0,0.0,1028
Small Items,BS - Torta Moulder-15,Torta Moulder-15,0.0,0.0,1029
Small Items,BS - Aluminum Oven Tray,Aluminum Oven Tray,0.0,0.0,1030
Small Items,BS - Llanera R,Llanera for Loaf (Regular),90.0,0.0,1031
Small Items,BS - 13309 Thermo-Hygro,13309 Thermo-Hygro Jumbo Display,0.0,0.0,1032
Small Items,Built-In Strainer,Built-In Strainer (Big) SS,0.0,0.0,1033
Small Items,Can Bottle Opener,,4.0,0.0,1034
Small Items,Can Opener,P.Donuts) (Can Opener,0.0,0.0,1035
Small Items,CCTV Camera 170mmx160mm,,0.0,0.0,1036
Small Items,CD - Dust Pan Only,Dustpan Plastic,0.0,0.0,1037
Small Items,CD - Dust Pan Set,Dust Pan w/ Plastic Broom,3.0,0.0,1038
Small Items,Ceiling fan,,0.0,0.0,1039
Small Items,Chopstick Long,,3.0,0.0,1040
Small Items,Cooling Grill,Cooling Grill 12x16inch,0.0,87.0,1041
Small Items,Cooling Grills for AS-FR-0.6,,0.0,19.0,1042
Small Items,Crimping Tool,,0.0,0.0,1043
Small Items,Crucifix,,0.0,0.0,1044
Small Items,CS- All Purpose Brush,,0.0,0.0,1045
Small Items,CS- All Purpose Scrub,,0.0,0.0,1046
Small Items,"CS- Bath Towel, Beige",,0.0,0.0,1047
Small Items,CS- Bathroom Caddy,,0.0,0.0,1048
Small Items,CS- Bathroom Organizer,,0.0,0.0,1049
Small Items,CS- Broom Set for Maxi,,0.0,0.0,1050
Small Items,"CS- Cleaning Gloves, L",,0.0,0.0,1051
Small Items,"CS- Cleaning Gloves, M",,0.0,0.0,1052
Small Items,CS- Corner Scrub Brush,,0.0,0.0,1053
Small Items,CS- Dish Brush,,0.0,0.0,1054
Small Items,CS- Face Towel,,0.0,0.0,1055
Small Items,CS- Feeder Duster,,0.0,0.0,1056
Small Items,CS- Glass Squeege Cleaner,,0.0,0.0,1057
Small Items,"CS- Hand Towel, White",,0.0,0.0,1058
Small Items,CS- Laundry Brush,,0.0,0.0,1059
Small Items,CS- Mop for Maxi,,0.0,0.0,1060
Small Items,CS- Mop Head,,0.0,0.0,1061
Small Items,CS- Scotchbrite Scrub,,0.0,0.0,1062
Small Items,CS- Scouring Pad 6s,,0.0,0.0,1063
Small Items,CS- Storage Box w/ Lid 38cm,,0.0,0.0,1064
Small Items,CS- Toilet Brush w/ Holder,,0.0,0.0,1065
Small Items,CS- Trash Bag,L) (CS- Trash Bag (L) 10pcs/ Pack,0.0,0.0,1066
Small Items,CS - ASTB1200,"ASTB1200 Mop Handle, Yellow",0.0,15.0,1067
Small Items,CS - Air Freshener 300ml,Air Freshener 300ml,0.0,0.0,1068
Small Items,CS - Albatross,Albatross Deodorant 100g w/ Holder,0.0,0.0,1069
Small Items,CS - Broom L,Broom (Lanot),0.0,0.0,1070
Small Items,CS - Broom T,Broom (Tukog),0.0,0.0,1071
Small Items,CS - Caustion Sign,Caution Sign,0.0,0.0,1072
Small Items,CS - Cleaning Brush,,0.0,0.0,1073
Small Items,CS - Cleaning Towels,B) (CS - Cleaning Towels (B),0.0,0.0,1074
Small Items,CS - Cleaning Towels,G) (CS - Cleaning Towels (G),0.0,0.0,1075
Small Items,CS - Detergent Powder,Detergent Powder,0.0,0.0,1076
Small Items,CS - Door Mat,Door Mat,0.0,0.0,1077
Small Items,CS - Floor Squeegee,,1.0,0.0,1078
Small Items,CS - Hand Soap,Hand Soap 500ml,0.0,0.0,1079
Small Items,CS - Hanger Multi- Pants,,0.0,0.0,1080
Small Items,CS - Linen Cloth,Linen Cloth -White,0.0,0.0,1081
Small Items,CS - Linen Rollers,Lint Rollers (scot bright),0.0,0.0,1082
Small Items,CS - Mop Scrub Squeezer,,0.0,0.0,1083
Small Items,CS - Mop Set,Mop Head with Handle (Set),0.0,0.0,1084
Small Items,CS - Mop Squeezer,,0.0,3.0,1085
Small Items,CS - Push Broom,,0.0,0.0,1086
Small Items,CS - Rotating Mop,,1.0,0.0,1087
Small Items,CS - Rubber Mat,Rubber Mat,0.0,0.0,1088
Small Items,CS - Soap Dispenser,,0.0,0.0,1089
Small Items,CS - SPAN Klin-O 1803,Dishwashing Machine Detergent,0.0,0.0,1090
Small Items,CS - SPAN Rinse-2303,Rinse-Aid for Dishwashing Machine,0.0,0.0,1091
Small Items,CS - Swatter,Mosquito Swatter,0.0,0.0,1092
Small Items,CS - Trash Bag,Small) (CS - Trash Bag (Small) 10pcs / pack,0.0,0.0,1093
Small Items,CS - Trash Can,Foot Operated) (CS - Trash Can ( Foot Operated) Small,0.0,0.0,1094
Small Items,CS - Trash Can 120L,,0.0,0.0,1095
Small Items,CS - Trash Can 22L,Trash Can 22L,0.0,0.0,1096
Small Items,CS - Trash Can 40L,Trash can Plastic 40L,1.0,0.0,1097
Small Items,CS - Trash Can 42L,Trash Can 42L,0.0,0.0,1098
Small Items,"CS - Trash Can, 20L","Trash Can, 20L",0.0,3.0,1099
Small Items,CS - Wet Floor Sign,,2.0,0.0,1100
Small Items,CS - Wiper,Glass Wiper Extendable,0.0,0.0,1101
Small Items,CSB-350,Stainless Stock Pot - Capacity 36L,0.0,0.0,1102
Small Items,CSB-400,Stainless Stock Pot - Capacity 50L,0.0,0.0,1103
Small Items,Cup Holder & Lid Organizer,,3.0,0.0,1104
Small Items,DAHUA-MicroSD Memory Card,,11.0,0.0,1105
Small Items,Dexin Calculator,,2.0,0.0,1106
Small Items,Digital Pricing Scale 6kg,Digital Pricing Scale 6kg Capacity,0.0,0.0,1107
Small Items,Digital SS Platfrom Scale 100kg,Digital SS Platfrom Scale 100kg Waterproof,0.0,0.0,1108
Small Items,Digital timer,,4.0,0.0,1109
Small Items,Digital Weighing Scale 150kg,Digital Weighing Scale 150kg Platform,0.0,0.0,1110
Small Items,Digital Weighing Scale 5kg,,3.0,0.0,1111
Small Items,Digital Weighing Scale 60kg PD,Digital Weighing Scale 60kg (P.Donuts),0.0,0.0,1112
Small Items,Double Boiler 20qt,,0.0,0.0,1113
Small Items,Double Sided Foam Tape,,4.0,0.0,1114
Small Items,Dough Cutter-Plastic,,8.0,0.0,1115
Small Items,Dough Cutter,Electrolysis) (Dough Cutter (Electrolysis) SS,0.0,0.0,1116
Small Items,Electric Sauce Pump 2.5L,,0.0,0.0,1117
Small Items,Emergency Light,,6.0,0.0,1118
Small Items,"F- Bed Foam, Single",,0.0,0.0,1119
Small Items,"F- Bed Frame, Single",,0.0,0.0,1120
Small Items,F- Bedsheet w/ Comforter,FL- Bedsheet w/ Comforter,0.0,0.0,1121
Small Items,F- First Aid Kit Cabinet,,0.0,0.0,1122
Small Items,F- Foldable Table,,0.0,0.0,1123
Small Items,F- Ironing Board,,0.0,0.0,1124
Small Items,F- Pillow B1T1,,0.0,0.0,1125
Small Items,F - Chair Wooden,Chair Wooden,0.0,0.0,1126
Small Items,F - Managers Chair,Managers Chair,0.0,0.0,1127
Small Items,F - Office Chair,Office Chair,0.0,0.0,1128
Small Items,F - Office Table,Office Table,0.0,0.0,1129
Small Items,F - Plastic Chair,Plastic Chair,0.0,0.0,1130
Small Items,F - Plastic Table,Plastic Table,0.0,0.0,1131
Small Items,F - Table,Square Table (wooden),0.0,0.0,1132
Small Items,Fiber cloth towel,B) 11x11 (Fiber cloth towel (B) 11x11,8.0,0.0,1133
Small Items,Fiber cloth towel,blue) (Fiber cloth towel (blue),0.0,0.0,1134
Small Items,Fiber cloth towel,G) 11x11 (Fiber cloth towel (G) 11x11,5.0,0.0,1135
Small Items,Fiber cloth towel,green) (Fiber cloth towel (green),6.0,0.0,1136
Small Items,Fiber cloth towel,R) 11x11 (Fiber cloth towel (R) 11x11,5.0,0.0,1137
Small Items,Fiber cloth towel,red) (Fiber cloth towel (red),0.0,0.0,1138
Small Items,Fiber cloth towel,Y) 11x11 (Fiber cloth towel (Y) 11x11,5.0,0.0,1139
Small Items,Fiber clothtowel,yellow) (Fiber clothtowel (yellow),0.0,0.0,1140
Small Items,"Fine Mesh Sifter 12""",,0.0,0.0,1141
Small Items,"Fine Mesh Sifter 3""",,0.0,0.0,1142
Small Items,"Fine Mesh Sifter 6""",,0.0,0.0,1143
Small Items,Fire Ex,CO2) (Fire Ex (CO2) Model B&C,0.0,0.0,1144
Small Items,Fire Extinguisher 10lbs.,10lbs. Dry Chem. Fire Extinguisher,3.0,0.0,1145
Small Items,Fire Extinguisher Dry Chem Refi,Fire Extinguisher Dry Chem Refill 10lbs,0.0,0.0,1146
Small Items,First Aid Kit Set,,2.0,0.0,1147
Small Items,Flat Screen SS 40x60cm,,0.0,0.0,1148
Small Items,Flour Sieve FS-12,,0.0,0.0,1149
Small Items,Fly Trap,Fly Trap 6W Wall Mount Insect Trap,2.0,0.0,1150
Small Items,Fly Trap 8W,,1.0,0.0,1151
Small Items,Fly Trap Killer,Daimaru BT 2x6 Black,0.0,0.0,1152
Small Items,Fly Trap light,,0.0,0.0,1153
Small Items,Flyers,,0.0,0.0,1154
Small Items,Flyers for St.Max,,0.0,0.0,1155
Small Items,Foil Tube,Alu. Ventilation Ducting Foil Tube,0.0,0.0,1156
Small Items,Foldable Ladder 20ft,,0.0,0.0,1157
Small Items,Folder - S,,10.0,0.0,1158
Small Items,Food Grade Grease,,0.0,4.0,1159
Small Items,Gas stove double burner,asahi) (Gas stove double burner (asahi),0.0,0.0,1160
Small Items,Generic Cable Tester,,0.0,0.0,1161
Small Items,Glue Trap,,0.0,2125.0,1162
Small Items,GN 1/1 Pans 201SS,GN 1/1* 65mmh Pans 201SS 1.2mm,0.0,0.0,1163
Small Items,GN 1/4 * 100mm 304,"GN Pans 1/4x100mm, European Style SS304",0.0,0.0,1164
Small Items,GN 1x100mmH SS304,GN 1x100mmH SS304 - 1.2mm,0.0,0.0,1165
Small Items,GN Pans 1/2x100,,0.0,0.0,1166
Small Items,GN Pans 1/3 x 100,,0.0,0.0,1167
Small Items,GN Pans 1/4x100,,0.0,0.0,1168
Small Items,GN Pans 1/6,GN Pans 1/6 x 100,0.0,0.0,1169
Small Items,GN Pans 1/9x100,,0.0,0.0,1170
Small Items,GN Pans 1x100,,11.0,0.0,1171
Small Items,Grease Trap 100x60x40cm,,0.0,0.0,1172
Small Items,Grease Trap 140x60x40cm,,0.0,0.0,1173
Small Items,Grease Trap 800x60x40cm,,0.0,0.0,1174
Small Items,Grease Trap 80x55x40cm,,0.0,0.0,1175
Small Items,Hair Dryer,,0.0,0.0,1176
Small Items,Hand Brush,,4.0,0.0,1177
Small Items,Hanger for Fire Extinguisher,,0.0,0.0,1178
Small Items,Hi Ball Glass,,0.0,0.0,1179
Small Items,Highlighter,per pack) (Highlighter ( per pack),1.0,0.0,1180
Small Items,HK- Alarm Clock,,0.0,0.0,1181
Small Items,HK- Ashtray,,0.0,0.0,1182
Small Items,"HK- Bottle Spray, 500ml",,0.0,0.0,1183
Small Items,HK- Caution Sign,,0.0,0.0,1184
Small Items,HK- Cleaning Sign,,0.0,0.0,1185
Small Items,HK- Face Mask,,0.0,0.0,1186
Small Items,HK- Fire Exit Sign,,0.0,0.0,1187
Small Items,HK- Flash Light,,0.0,0.0,1188
Small Items,HK- Green Tea,,0.0,0.0,1189
Small Items,HK- Hairnet,,0.0,0.0,1190
Small Items,HK- Laundry Basket,,0.0,0.0,1191
Small Items,HK- Milk,,0.0,0.0,1192
Small Items,HK- No Smoking Sign,,0.0,0.0,1193
Small Items,"HK- Slipper, White",,0.0,0.0,1194
Small Items,HK- Suction Hook,,0.0,0.0,1195
Small Items,HK- Sugar Brown,,0.0,0.0,1196
Small Items,HK- Toilet Sign,,0.0,0.0,1197
Small Items,HK - Air Freshener,,0.0,0.0,1198
Small Items,HK - Biscuits,,0.0,0.0,1199
Small Items,HK - Books and Magazines,,0.0,0.0,1200
Small Items,HK - Chef Apron,,0.0,0.0,1201
Small Items,HK - Detergent Floral,,0.0,0.0,1202
Small Items,HK - Detergent Powder,,0.0,0.0,1203
Small Items,HK - Electric Kettle 1.8L,,0.0,0.0,1204
Small Items,HK - Fabcon,,0.0,0.0,1205
Small Items,HK - Furniture Polish,,0.0,0.0,1206
Small Items,HK - Insectisides Citrus Lemon,,0.0,0.0,1207
Small Items,HK - Jumpsuit Uniform L,,0.0,0.0,1208
Small Items,HK - Jumpsuit Uniform XL,,0.0,0.0,1209
Small Items,HK - Liquid Detergent,,0.0,0.0,1210
Small Items,HK - Multipurpose Cleaner,,0.0,0.0,1211
Small Items,HK - Safety Boots,,0.0,0.0,1212
Small Items,HK - Safety Googles,,0.0,0.0,1213
Small Items,HK - Safety Jacket L,,0.0,0.0,1214
Small Items,HK - Storage Container,,0.0,0.0,1215
Small Items,HK - Tile & Bowl Cleaner,,0.0,0.0,1216
Small Items,Ice Cooler Box 15L,,3.0,0.0,1217
Small Items,Induction Pan,,3.0,0.0,1218
Small Items,Industrial exhaust fan 12' blad,Industrial exhaust fan 12' blade 220v,0.0,0.0,1219
Small Items,Iron steamer,,0.0,0.0,1220
Small Items,IT- CCTV Tenda CT3,"CCTV Tenda CT3, 1080P Outdoor Bullet Wifi Camera",2.0,0.0,1221
Small Items,IT- Electronic Cash Drawer,Electronic Cash Drawer,4.0,0.0,1222
Small Items,"IT- Lenovo Ideatab 11""",8gb/128gb Blue,0.0,0.0,1223
Small Items,IT- Memory Card,San Disk128GB) (Memory Card (San Disk microSD 128GB),1.0,0.0,1224
Small Items,IT- POS Tablet Cover,"POS Tablet Cover, Huwaie T10",0.0,0.0,1225
Small Items,IT- POS Tablet Stand,POS Tablet Stand,0.0,0.0,1226
Small Items,IT- POS Tablet w/ Sim,MI) (POS Tablet (Mi) Pad 2 6GB / 128Ram,0.0,0.0,1227
Small Items,IT- TF Card 28GB for cctv,02-TF Card 28GB for cctv,0.0,0.0,1228
Small Items,IT- Thermal Printer,Thermal Printer (Bluetooth Printer),0.0,0.0,1229
Small Items,IT- USB 3.2 Flash Drive 32gb,Brand: Hikvision,0.0,0.0,1230
Small Items,IT - A314-36P-C7HC,Acer Aspire 3,0.0,0.0,1231
Small Items,IT - AL14,Acer Aspire Lite 8gb 512gb,0.0,0.0,1232
Small Items,IT - DVR,Hikvision DVR,0.0,0.0,1233
Small Items,IT - Kingston SD Card 128gb,Kingston SD Card 128gb,0.0,0.0,1234
Small Items,IT - Switch,Tplink 24Port Gigabit Switch,0.0,0.0,1235
Small Items,IT - Tablet Stand,POS Tablet w/ Stand,6.0,0.0,1236
Small Items,IT - 128gb SSD,128 GB SSD Sata Storage,0.0,0.0,1237
Small Items,IT - 1TB SSD,1 TB SSD SATA Storage,0.0,0.0,1238
Small Items,IT - 2 MP Camera,2 MP Indoor Fixed Dome Camera,0.0,0.0,1239
Small Items,IT - 2 MP IR Camera,2MP IR Dome Indoor Camera,0.0,0.0,1240
Small Items,IT - 43A4GS,"Hisense 43"" Full HD Smart TV",0.0,0.0,1241
Small Items,IT - 4TB HDD,4TB HDD,0.0,0.0,1242
Small Items,IT - 512Gb Sata SSD,512Gb Sata SSD,0.0,0.0,1243
Small Items,IT - 8 GB DDR3 Memory,8 GB DDR3 Memory,0.0,0.0,1244
Small Items,IT - 8 GB DDR4 Memory,8 GB DDR4 Memory,0.0,0.0,1245
Small Items,IT - A314-36P-C6A6,Acer Aspire 3,0.0,0.0,1246
Small Items,IT - AL-14-51M,Acer Aspire Lite AL-14-51M,0.0,0.0,1247
Small Items,IT - Asus Core I3,Laptop Asus Core I3 12th gen 8gb ram 256gb Storage,0.0,0.0,1248
Small Items,IT - Asus Core i3-1215U,ASUS i3-1215U/8gb/512gb,0.0,0.0,1249
Small Items,IT - Asus Core i3-1315,Asus Core i3-1315,0.0,0.0,1250
Small Items,IT - Bluetooth Receipt Printer,Bluetooth Receipt Printer,0.0,0.0,1251
Small Items,IT - CCTV Camera,WIFI CCTV Camera 360 Degrees 3D Panoramic,0.0,0.0,1252
Small Items,IT - CCTV Camera,Digital Mini) (CCTV FullHD 1080p Digital Mini PTZ Camera,0.0,0.0,1253
Small Items,IT - CCTV Camera,Hisee) 5mps (CCTV Camera (Hisee) 5mps,0.0,0.0,1254
Small Items,IT - CF-E313AC,Comfast CF-E313AC Antenna,0.0,0.0,1255
Small Items,IT - CH9,CCTV Tenda CH9,16.0,0.0,1256
Small Items,IT - Charger for Laptop,Charger for Laptop,0.0,0.0,1257
Small Items,IT - Computer R5,AMD Ryzen 5,0.0,0.0,1258
Small Items,IT - Computer Set 8gb,"Computer Set 8Gb Ram, 500Gb SSD",0.0,0.0,1259
Small Items,IT - Computer Set i3,Computer Set i3 8gb DDR4-3200,0.0,0.0,1260
Small Items,IT - Computer Set i5,Computer Set i5 DDR4-3200 6gb S,0.0,0.0,1261
Small Items,IT - Computer Set R3,AMD Ryzen 3 8gb DDR4-240gb,0.0,0.0,1262
Small Items,IT - Computer Set R5,Computer AMD Ryzen 5 Pro 4650G,0.0,0.0,1263
Small Items,IT - CP Vivo Y27,Vivo Y27 8gb ram 128gb Storage,0.0,0.0,1264
Small Items,IT - CP Xiaomi A3,Xiaomi Redmi A3 - Black,0.0,0.0,1265
Small Items,IT - Crimping Tool,Generic Crimping Tool 3in1,0.0,0.0,1266
Small Items,IT - DDR3 4Gb Ram,DDR3 4GB Ram,0.0,0.0,1267
Small Items,IT - External Drive 1TB,Transcend 1 TB ESD310S USB 3.2 Type A/Type C,0.0,0.0,1268
Small Items,IT - Fiber Media Con,"Gigabit, 5V 2A",0.0,0.0,1269
Small Items,IT - File Rack,File Rack,0.0,0.0,1270
Small Items,IT - Flash Drive 128gb,Hikvision Flash Drive 128 3.0,0.0,0.0,1271
Small Items,IT - Flash Drive 256gb,Kingston Flash Drive 256gb,0.0,0.0,1272
Small Items,IT - HP Core I3,Laptop HP Core I3 8 GB RAM 512GB Storage,0.0,0.0,1273
Small Items,IT - HP Smart Tank 210 Printer,,0.0,0.0,1274
Small Items,IT - HSA6-55.OMP,Wireless HD Smart Camera,0.0,0.0,1275
Small Items,IT - Kingston Flash Drive 128gb,,0.0,0.0,1276
Small Items,IT - L121,Epson L121 Printer,0.0,0.0,1277
Small Items,IT - L3210,Epson L3210 Printer,0.0,0.0,1278
Small Items,IT - L3250,Epson Printer L3250,0.0,0.0,1279
Small Items,IT - L5290,Inkstand - Printer with ADF,0.0,0.0,1280
Small Items,IT - Lapel,Wireless Lapel,0.0,0.0,1281
Small Items,IT - Lenovo Ideapad,Lenovo Ideapad 8gb 512gb,0.0,0.0,1282
Small Items,IT - Lexar,Lexar NM160 1tb SSD,0.0,0.0,1283
Small Items,IT - Lexar 1TB SL300,Portable External SSD,0.0,0.0,1284
Small Items,IT - Memoru Card 64gb,Micro SD (Memory Card 64GB),0.0,0.0,1285
Small Items,IT - Memory Card 128gb S,SD Memory Card 128GB - Sandisk Brand,0.0,0.0,1286
Small Items,IT - Microphone,Wireless Conference Microphone,0.0,0.0,1287
Small Items,"IT - Monitor 21.5""","Computer Monitor 21.5""",0.0,0.0,1288
Small Items,IT - Motherboard,Asus Prime A520M-K,0.0,0.0,1289
Small Items,IT - MSI Laptop,MSI Laptop,0.0,0.0,1290
Small Items,IT - Prepaid Wifi,Prepaid Wifi,0.0,0.0,1291
Small Items,IT - Processor,AMD Ryzen 3 3200G 3.6Hz,0.0,0.0,1292
Small Items,IT - Projection Screen,Projection Screen Auto Roll Up,0.0,0.0,1293
Small Items,IT - Reader,USB & OTG Card Reader,0.0,0.0,1294
Small Items,IT - Realme Techlife Pad,NEO LTE 8gb + 256gb,0.0,0.0,1295
Small Items,IT - RG-EG105 V2,RG-EG105G V2 Dual Wan Router,0.0,0.0,1296
Small Items,IT - RJ45 Cap,"RJ45 Cap, Blue",0.0,0.0,1297
Small Items,IT - RJ45 Connector,"Transparent, Passthru",0.0,0.0,1298
Small Items,IT - S015632,Epson S015632 Ribbon for LX310,0.0,0.0,1299
Small Items,IT - SD Card 32gb,Sandisk Extreme 32GB SD Card,0.0,0.0,1300
Small Items,IT - Server Rack,Server Rack,0.0,0.0,1301
Small Items,IT - Server Set,Server Set,0.0,0.0,1302
Small Items,IT - SSD 250gb,Kingston 250gb SSD,0.0,0.0,1303
Small Items,IT - SSD Gray,Orico SSD Enclosure - Gray,0.0,0.0,1304
Small Items,IT - Tablet Galaxy,"POS Tablet , Galaxy Tab",0.0,0.0,1305
Small Items,IT - Tablet Stand,Brand: Bavin,3.0,0.0,1306
Small Items,IT - Tablet Xiaomi,"POS Table, Xiaomi Pad",0.0,0.0,1307
Small Items,IT - Tool Kit,Fiber Tool Kit Regular,0.0,0.0,1308
Small Items,IT - Universal Notebook Adapter,Universal Notebook Adapter,0.0,0.0,1309
Small Items,IT - UTP Cable 0.51,"UT Cable,305M, CCA 0.51mm",0.0,0.0,1310
Small Items,IT - UTP Cable 0.53,"UTP Cable 305M, CCA 0.53mm",0.0,0.0,1311
Small Items,IT - Video Balun,Video Balun,0.0,0.0,1312
Small Items,IT - ZKTeco Biometrics,ZKTeco Biometrics,0.0,0.0,1313
Small Items,IT - CCTV Camera 3mps,CCTV Camera (Hisee) 3mps,0.0,0.0,1314
Small Items,IT_T-Force 256gb SSD,,0.0,0.0,1315
Small Items,K - Analog Scale 12kg,Weighing Scale 12kg - Analog,0.0,0.0,1316
Small Items,Keypad Phones - IT2166,,0.0,0.0,1317
Small Items,Kitchen Scissor,,4.0,0.0,1318
Small Items,KS- ASJZ12 Tong,"ASJZ12 Tong (Heat Resistance) 12""",0.0,0.0,1319
Small Items,KS- Cutlery,,0.0,0.0,1320
Small Items,KS - Scale 10kg R,"Digital Weighing ScaleRound,10kg",0.0,0.0,1321
Small Items,KS - 1/2*10 Cover Only,1/2*10 GN Pans Cover only,0.0,0.0,1322
Small Items,KS - 1/6*10 Cover Only,1/6*10 GN Pans Cover only,0.0,0.0,1323
Small Items,KS - 1/9*10 Cover Only,1/9*10 GN Pans Cover only,0.0,0.0,1324
Small Items,KS - 18 Tier,"18 Tier Baking Tray Rack, Closed Type Alu",0.0,0.0,1325
Small Items,KS - Analog Scale 15kg,Weighing Scale 15kg - Analog,0.0,0.0,1326
Small Items,KS - Analog Scale 20kg,Weighing Scale 20kg - Analog,0.0,1.0,1327
Small Items,KS - Analog Scale 60kg,Weighing Scale 60kg - Analog,2.0,1.0,1328
Small Items,KS - ATZ-B20,Flat Spring Scale 20kg,0.0,9.0,1329
Small Items,KS - ATZ-B60,Flat Spring Scale 60kg,0.0,1.0,1330
Small Items,KS - Bag Sealer,Bag Sealer Dispenser,2.0,0.0,1331
Small Items,KS - Bar Stool,"Corbin Bar Stool , Steel",0.0,0.0,1332
Small Items,KS - Baro,Empty Baro 50L,3.0,0.0,1333
Small Items,KS - Basket 10L,Fryer Basket 10L,1.0,0.0,1334
Small Items,KS - Basket 11L,Electric Fryer 11L,0.0,11.0,1335
Small Items,KS - Blue Crates,Bread Crates Blue,0.0,0.0,1336
Small Items,KS - Blue Crates Cake,Blue Cake Crates,0.0,12.0,1337
Small Items,"KS - Bowl 12""",Bowl 12inch (SS),0.0,0.0,1338
Small Items,KS - Bowl 50cm,Bowl Stainless 50cmx17cm,0.0,0.0,1339
Small Items,KS - Bowl 60cm,Bowl Stainless 60cmx20cm,0.0,0.0,1340
Small Items,"KS - Bowl 9""",Bowl 9 inch (SS),0.0,0.0,1341
Small Items,KS - Bread Knife,Bread Knife,3.0,0.0,1342
Small Items,KS - Bussing Bag 2,Bussing Belt - 3 Pocket,8.0,0.0,1343
Small Items,KS - Cake Box 20cm,Plastic Cake Box 20.5x21x6cm,0.0,0.0,1344
Small Items,KS - Cake Box 22cm,Plastic Cake Box 22.5x11x7.2cm,0.0,1899.0,1345
Small Items,KS - Can Opener,Can Opener,0.0,0.0,1346
Small Items,KS - Carving Fork,Carving Fork,12.0,0.0,1347
Small Items,KS - Cheese Grater,Cheese Grater,0.0,0.0,1348
Small Items,KS - Chef Knife,"Chef Knife 12"" HACCP",0.0,0.0,1349
Small Items,KS - Chef Knife CK-12,Chef Knife CK-12,0.0,0.0,1350
Small Items,KS - Chef Knife CK-14,Chef Knife CK-14,0.0,0.0,1351
Small Items,KS - Chef Torch,Chef Torch - Butane Refill,0.0,0.0,1352
Small Items,KS - Chef Torch GT,Chef Torch - Gun Type,0.0,0.0,1353
Small Items,KS - Chopping Board B,Chopping Board Blue,0.0,0.0,1354
Small Items,KS - Chopping Board S,Chopping Board Small,0.0,0.0,1355
Small Items,KS - Chopping Board W,Chopping Board White,0.0,0.0,1356
Small Items,KS - Collander,Collander with wooden Handle,0.0,0.0,1357
Small Items,"KS - Cooking Pan, Alu","Cooking Pan, Alu",0.0,0.0,1358
Small Items,KS - Cooking Thermometer,Kitchen Cooking Thermometer,0.0,0.0,1359
Small Items,KS - Cookware Fry Pan,Cookware - Fry Pan (Non-stick),0.0,0.0,1360
Small Items,KS - Cooler Box,Cooler Box (Orocan Brand),0.0,0.0,1361
Small Items,KS - CSS-2,Chef Scissors CSS-2,0.0,0.0,1362
Small Items,KS - Cup,Cup / Baso,0.0,0.0,1363
Small Items,KS - Cup and Saucer,"Cup and Saucer, White Ceramic",0.0,0.0,1364
Small Items,KS - Cutter SS,Cutter SS,0.0,0.0,1365
Small Items,KS - Cutting Board R,"Cutting Board PP , HACCP Rect.",1.0,0.0,1366
Small Items,KS - Deltatrak 11407,Thermometer - Lollipop Brand: Deltatrak 11047,0.0,0.0,1367
Small Items,KS - Digital Scale 5kg,,5.0,0.0,1368
Small Items,KS - Digital Wall Clock,Digital Wall Clock,0.0,0.0,1369
Small Items,KS - Dish Cont,Dish Storage Containe,0.0,0.0,1370
Small Items,KS - Fly Trap 16W,Daimaru Fly Trap 16W,0.0,0.0,1371
Small Items,KS - Food Scoop,"Food Scoop Plastic, Big",0.0,0.0,1372
Small Items,KS - Fruit Peeler,Fruit Peeler,0.0,0.0,1373
Small Items,KS - Glassware,,0.0,0.0,1374
Small Items,KS - Gloves,Disposable Gloves,0.0,0.0,1375
Small Items,KS - Gloves B,Kitchen Gloves - Big,0.0,0.0,1376
Small Items,KS - Gloves M,Kitchen Gloves - Medium,0.0,0.0,1377
Small Items,KS - Gloves S,Kitchen Gloves - Small,0.0,0.0,1378
Small Items,KS - Gloves V,Vinyl Gloves,0.0,0.0,1379
Small Items,KS - GN 1/1 Pan no cover,GN 1/1*10 Pan no cover,0.0,0.0,1380
Small Items,KS - GN 1/2 Pan,GN 1/2*10 Pan with cover,11.0,0.0,1381
Small Items,KS - GN 1/4 Pan,01-GN 1/4*10 Pan with cover,30.0,0.0,1382
Small Items,KS - GN 1/6 Pan,GN 1/6*10 Pan with cover,6.0,0.0,1383
Small Items,KS - GN 1/9 Pan,GN 1/9*10 Pan with cover,0.0,0.0,1384
Small Items,KS - Hairnet,Hairnet,0.0,0.0,1385
Small Items,KS - Hat,Kitchen Hat,0.0,0.0,1386
Small Items,KS - Ice Box,Ice Box,0.0,0.0,1387
Small Items,KS - Ice Scooper Plastic,Ice Scooper Plastic,0.0,0.0,1388
Small Items,KS - Kitchen Timer,"Kitchen Timer ,Battery operated",0.0,0.0,1389
Small Items,"KS - Knife 8""","Kitchen Knife 8""",0.0,0.0,1390
Small Items,KS - Landing Pallet,Landing Pallet Flrs Black,2.0,0.0,1391
Small Items,KS - Mandolin Slicer,Mandolin Slicer,0.0,0.0,1392
Small Items,KS - Masher,Potato Masher-SS,0.0,0.0,1393
Small Items,KS - Measuring Cup,Measuring Cup,0.0,0.0,1394
Small Items,KS - Measuring Cup Set,Measuring Cup Set,6.0,0.0,1395
Small Items,KS - Measuring Cup SS,Measuring Cup SS,0.0,0.0,1396
Small Items,KS - Measuring Spoon P,Measuring Spoon (Plastic),0.0,0.0,1397
Small Items,KS - Measuring Spoon Set,Measuring Spoon Plastic (Set),0.0,0.0,1398
Small Items,KS - Microwavable Containers,icrowavable Containers,0.0,0.0,1399
Small Items,KS - Milk Container,"Milk Container, 500ml",12.0,0.0,1400
Small Items,KS - Mug,Mug,0.0,0.0,1401
Small Items,KS - Mug R,Mug Color Red,0.0,0.0,1402
Small Items,KS - Orange Crates,Bread Crates w Logo - Orange,0.0,0.0,1403
Small Items,KS - Pail S 10L,Pail Small 10L,1.0,35.0,1404
Small Items,KS - Pail SS 10L,Pail - Stainless 12 In - 10L Capacity,0.0,0.0,1405
Small Items,KS - Perforated Trays,Perforated Trays 40x60cm,0.0,0.0,1406
Small Items,KS - Pitcher,Measuring Pitcher,0.0,0.0,1407
Small Items,KS - Pitcher 1L,"Measuring Pitcher, 1L",4.0,0.0,1408
Small Items,KS - Pitcher 2L,"Measuring Pitcher, 2L",0.0,0.0,1409
Small Items,KS - Pizza Stone,605x600x15mm,0.0,2.0,1410
Small Items,KS - Plastic Box,Plastic Box,0.0,0.0,1411
Small Items,KS - Plastic Cont 6',"Plastic Container 6""x6""x10""",0.0,0.0,1412
Small Items,KS - Plastic Cont F,Plastic Containers - Filling,0.0,0.0,1413
Small Items,KS - Plastic Cont T,Plastic Container -Toppings,0.0,0.0,1414
Small Items,KS - Plastic Cup,Plastic Cup,0.0,0.0,1415
Small Items,KS - Plastic Mat,"Plastic Mat 90x80""",0.0,0.0,1416
Small Items,KS - Plastic Plate,Plastic Plate,0.0,0.0,1417
Small Items,KS - Plate P,Plate,0.0,0.0,1418
Small Items,KS - Pot Holder,Pot Holder,0.0,0.0,1419
Small Items,KS - Pump Bottle,Pump Bottle for sanitizer/hand,14.0,0.0,1420
Small Items,KS - Push and Pull,Push and Pull Sign,0.0,0.0,1421
Small Items,KS - Putty Knife,Putty Knife,0.0,0.0,1422
Small Items,KS - Red Crates,"Bread Crates, Red",0.0,0.0,1423
Small Items,KS - Rolling Pins,Rolling Pins,0.0,0.0,1424
Small Items,KS - Rolling Pins 8inc,Rolling Pin Plastic 8 in,0.0,0.0,1425
Small Items,KS - Rotating Cake,Rotating Cake Decor,0.0,0.0,1426
Small Items,KS - Round plate,"Round Plate Set, Gold Design Bowl 4"", Cup & Saucer, Plate 11'",0.0,0.0,1427
Small Items,KS - Round plate 12',"Round Plate, 12' Ceramic",0.0,0.0,1428
Small Items,KS - Sanitizer Pump,Sanitizer Pump,0.0,0.0,1429
Small Items,KS - Sauce Dispenser,Ketchup & Sauce Dispenser,0.0,0.0,1430
Small Items,KS - Sauna Lighting,Sauna Lighting,0.0,200.0,1431
Small Items,KS - Scale 10kg,"Digital Weighing Scale Non Rechargeable, 10Kg",0.0,0.0,1432
Small Items,KS - Scale 15kg,Digital Weighing Scale 15KG,0.0,0.0,1433
Small Items,KS - Scale 1kg,Digital Weighing Scale 1kg,0.0,0.0,1434
Small Items,KS - Scale 40kg,"Digital Weighing Scale, 40kg",1.0,0.0,1435
Small Items,KS - Scale 60kg,Digital Weighing Scale 60Kg,0.0,0.0,1436
Small Items,KS - Scooper B,"Plastic Scooper, Big Size (raw materials)",2.0,22.0,1437
Small Items,KS - Scooper IC,Plastic Scooper - Ice Cream,0.0,0.0,1438
Small Items,KS - Sealer Dispenser,Sealer Dispenser,0.0,0.0,1439
Small Items,KS - Serving Plates,Serving Plates,0.0,0.0,1440
Small Items,KS - Serving Spoon,Serving Spoon,0.0,0.0,1441
Small Items,KS - Silicon Brush B,"Silicon Brush, Big",1.0,0.0,1442
Small Items,KS - Silicon Brush S,"Silicone Brush, Small",9.0,0.0,1443
Small Items,KS - Silicon Mat,Silicon Mat with Measurement,0.0,0.0,1444
Small Items,KS - Sink Mat,Sink Floor Mat,0.0,0.0,1445
Small Items,KS - SK50S,"Rice Cooker, 8 cups - Camel",0.0,0.0,1446
Small Items,KS - Soup Bowl,Soup Bowl,0.0,0.0,1447
Small Items,KS - Soup Bowl 2,Soup Bowl with 2 Handle,0.0,0.0,1448
Small Items,KS - Spatula Silicon,"Spatula Silicon, 12 inch",15.0,0.0,1449
Small Items,KS - Spatula SS,Spatula Stainless,6.0,0.0,1450
Small Items,KS - Spoon Set,Spoons by 6pcs,0.0,0.0,1451
Small Items,KS - SS Basin Big,Stainless Steel Basin-Big 60cm,4.0,0.0,1452
Small Items,KS - SS Basin Small,Stainless Steel Basin-Small 50cm,0.0,0.0,1453
Small Items,KS - SS Bowl 10inch,Stainless Bowl 10 inch Diameter,0.0,0.0,1454
Small Items,KS - SS Bowl 5inch,Stainless Bowl 5 Inch Diameter,0.0,0.0,1455
Small Items,KS - SS Cleaner,Stainless Steel Cleaner and Polish (3M),0.0,0.0,1456
Small Items,KS - SS Colander,SS Colander,0.0,0.0,1457
Small Items,KS - SS Dough Cutter RR,SS Dough Cutter Round Ring,0.0,0.0,1458
Small Items,KS - SS Food Scoop,"SS Food Scoop, Big",0.0,0.0,1459
Small Items,KS - SS Fork,SS Fork,0.0,0.0,1460
Small Items,KS - SS Funnel,SS Funnel - OIL,0.0,0.0,1461
Small Items,KS - SS Laddle,SS Laddle,0.0,0.0,1462
Small Items,KS - SS Spoon,SS Spoon,0.0,0.0,1463
Small Items,KS - SS Stock Pot 15L,Stock Pot Stainless 15L Capacity,0.0,0.0,1464
Small Items,KS - Stanchion Post,Stanchion Post w/ 3 meter Strap,0.0,0.0,1465
Small Items,KS - Storage Box 4L,"Storage Box, 4L",0.0,0.0,1466
Small Items,KS - Storage Box 5L,"Storage Box, 5L",0.0,0.0,1467
Small Items,KS - Storage Box 6.5L,"Storage Box, 6.5L",0.0,0.0,1468
Small Items,"KS - Storage Box, 10L","Storage Box, 10L",8.0,2.0,1469
Small Items,"KS - Storage Box, 110L","Storage Box, 110L",0.0,79.0,1470
Small Items,"KS - Storage Box, 11L","Storage Box, 11L",0.0,0.0,1471
Small Items,"KS - Storage Box, 120L","Storage Box, 120L",0.0,0.0,1472
Small Items,"KS - Storage Box, 12L","Storage Box, 12L",3.0,0.0,1473
Small Items,"KS - Storage Box, 34L","Storage Box, 34L",0.0,0.0,1474
Small Items,KS - Strainer 11L,"Fryer Strainer, 11L",2.0,0.0,1475
Small Items,KS - Strainer Fine,Oil Strainer,0.0,0.0,1476
Small Items,KS - Strainer Wood,Strainer w/ Wooded Handle,0.0,0.0,1477
Small Items,KS - Straw Dispenser,Straw Dispenser,0.0,0.0,1478
Small Items,KS - Styro/Paper Cup,Styro/Paper Cup (8 oz Plain),250.0,0.0,1479
Small Items,KS - Tagger,Tagger,0.0,0.0,1480
Small Items,KS - Teaspoon,Teaspoon,0.0,0.0,1481
Small Items,KS - Thermometer - Lollipop,Thermometer - Lollipop,0.0,0.0,1482
Small Items,KS - Tong,Heat Resistance) (Tong (Heat Resistance),4.0,0.0,1483
Small Items,KS - Tong Big,Tong Big - L,0.0,0.0,1484
Small Items,KS - Tong Metal,Metal Tong (red),0.0,0.0,1485
Small Items,KS - Tong Small,Tong Small - L,0.0,0.0,1486
Small Items,KS - Trolley-3,Serving Trolley-3,1.0,2.0,1487
Small Items,KS - Utensils Holder,Utensils Holder Stainless,0.0,0.0,1488
Small Items,KS - Utensils Set G,"Spoon, Fork & Knife, SS Gold Plated",0.0,0.0,1489
Small Items,KS - Wall Clock,Wall Clock,0.0,0.0,1490
Small Items,KS - Wall Dispenser,Wall mounted dispenser,2.0,0.0,1491
Small Items,KS - Wall Faucet,Wall Kitchen Faucet,0.0,0.0,1492
Small Items,KS - Water Heater,Water Heater,0.0,0.0,1493
Small Items,KS - WF-01,Wooden Fork and Spoon Set,0.0,0.0,1494
Small Items,KS - WG21803,S.BLK Kitchen Faucet,0.0,0.0,1495
Small Items,"KS - Whisk, 12 Inch","Wire Whisk, 12 Inch",0.0,0.0,1496
Small Items,"KS - Whisk, 8 Inch","Wire Whisk, 8 Inch",0.0,0.0,1497
Small Items,KS - White Board,White board 60x90cm/36x24inc,0.0,0.0,1498
Small Items,KS - White board eraser,White board eraser,4.0,0.0,1499
Small Items,KS - White board marker,White board marker,0.0,0.0,1500
Small Items,KS - Wire Wisk 20 Inch,Wire Wisk 20 Inch,0.0,8.0,1501
Small Items,KS - Wire Wool,Plastic Wire Wool,0.0,0.0,1502
Small Items,KS - Yellow Crates,Bread Crates Yellow,0.0,0.0,1503
Small Items,KS - Pitcher 3L,Measuring Pitcher 3L,0.0,0.0,1504
Small Items,KS - Pitcher 500ml,Measuring Pitcher 500ml,1.0,0.0,1505
Small Items,KS - Cookware Pot,"Cookware Pot , Non-Stick",0.0,0.0,1506
Small Items,KS - Deck Metal Shelves,5 Layers Loc,0.0,0.0,1507
Small Items,LED Bulb 11 Watts,,0.0,0.0,1508
Small Items,Long Brown Envelop,,10.0,0.0,1509
Small Items,Marker,Permanent) (Marker (Permanent),4.0,0.0,1510
Small Items,Masking Tape 18mm,per pack) (Masking Tape 18mm (per pack),1.0,0.0,1511
Small Items,Measuring Spoon Set SS,,2.0,0.0,1512
Small Items,Microwave Containers,,0.0,0.0,1513
Small Items,Microwave transformer,,0.0,0.0,1514
Small Items,Mixing Bowl,,1.0,0.0,1515
Small Items,OS - Scissor,,0.0,0.0,1516
Small Items,OS - A4 Bond Paper,Bond Paper A4 Ream,0.0,0.0,1517
Small Items,OS - Ballpen Black FS,Ballpen - Black (Flexstick),0.0,0.0,1518
Small Items,OS - Ballpen Blue FS,Ballpen - Blue (Flexstick),0.0,0.0,1519
Small Items,OS - Bulldog Clip,"OS - Bulldog Clip , 1 Inch",0.0,0.0,1520
Small Items,OS - Calculator,,0.0,0.0,1521
Small Items,OS - Clip Boards,Long) (OS - Clip Boards (Long),4.0,0.0,1522
Small Items,OS - Correction Tape,,3.0,0.0,1523
Small Items,OS - Double Sided Tape,S - Double Sided Tape,0.0,0.0,1524
Small Items,OS - Envelop,,0.0,0.0,1525
Small Items,OS - First Aid Kit,,0.0,0.0,1526
Small Items,OS - Folder L,Folder Long,0.0,0.0,1527
Small Items,OS - Folder White Short,,0.0,0.0,1528
Small Items,OS - Highlighter,,0.0,0.0,1529
Small Items,OS - Journal,,0.0,0.0,1530
Small Items,OS - Logbook,,4.0,0.0,1531
Small Items,OS - Long Bond Paper,Bond Paper Long Ream,0.0,0.0,1532
Small Items,OS - Marker,Permanent) (OS - Marker (Permanent),0.0,0.0,1533
Small Items,OS - Masking Tape,,0.0,0.0,1534
Small Items,OS - Packing Tape,,0.0,0.0,1535
Small Items,OS - Paper Clips,OS - Paper Clips 1 Box,2.0,0.0,1536
Small Items,OS - Pentel Pen Blk,Pentel Pen - Black,0.0,0.0,1537
Small Items,OS - Pentel Pen Ink Blk,Pentel Pen Ink - Black,0.0,0.0,1538
Small Items,OS - Permit Frame L,Permit Frame 8.5x14,2.0,0.0,1539
Small Items,OS - Permit Frame S,Permit frame (8.5x11),0.0,0.0,1540
Small Items,OS - Sharpener,,0.0,0.0,1541
Small Items,OS - Staple wire,,0.0,0.0,1542
Small Items,OS - Stapler,,1.0,0.0,1543
Small Items,OS - Stapler remover,,1.0,0.0,1544
Small Items,OS - Tape Dispenser,,0.0,0.0,1545
Small Items,OS - Tape Dispenser Small,,0.0,0.0,1546
Small Items,OS - Time Cards,OS - Time Cards 1 Pack,0.0,0.0,1547
Small Items,Pastry Brush,big) (Pastry Brush (big),7.0,0.0,1548
Small Items,Pilot Permanent Marker,per pa (Pilot Permanent Marker ( per pack),0.0,0.0,1549
Small Items,Pipings Bags,Pipings Bags - Reusable,0.0,0.0,1550
Small Items,Plastic Envelop,,0.0,0.0,1551
Small Items,Plates,Glass) (Plates(Glass),0.0,0.0,1552
Small Items,Pressure Cooker,"Pressure Cooker, 5L",0.0,0.0,1553
Small Items,Pressure Cooker 11L,,0.0,0.0,1554
Small Items,Pressure Cooker 29L,,0.0,0.0,1555
Small Items,Pressure Cooker 36L,,0.0,0.0,1556
Small Items,Pressure Cooker 4.5L,,0.0,0.0,1557
Small Items,Promotional Booth,80x81x38.5cm,0.0,0.0,1558
Small Items,Push Brush Broom'',,1.0,0.0,1559
Small Items,PZW-12,"Pizza Screen 12""",0.0,0.0,1560
Small Items,PZW-15,"Pizza Screen 15""",0.0,4.0,1561
Small Items,Realme Techlife Pad,,0.0,0.0,1562
Small Items,Rice Cooker Gas LPG,,0.0,0.0,1563
Small Items,Ring Light With Stand 26cm,Ring Light With Stand,0.0,0.0,1564
Small Items,Rolling Pins,P.Donuts) (Rolling Pins (P.Donuts),0.0,0.0,1565
Small Items,Rotating Disk,Small Items:Rotating Disk,0.0,0.0,1566
Small Items,Rubber Mats,,6.0,0.0,1567
Small Items,Ruler Plastic,,2.0,0.0,1568
Small Items,Safe Box,,0.0,4.0,1569
Small Items,Scoop Black,,3.0,0.0,1570
Small Items,Scraper,,1.0,0.0,1571
Small Items,Scrotch Pad,,10.0,0.0,1572
Small Items,Sifter - Medium,,0.0,0.0,1573
Small Items,Sifter - Small,,0.0,0.0,1574
Small Items,"Soup Kettle, 10L - 6000","CE) (Soup Kettle, 10L - 6000 (CE)",1.0,0.0,1575
Small Items,Spatula SS Offset,,0.0,0.0,1576
Small Items,Sponge,,10.0,0.0,1577
Small Items,Spray Bottle 500ml,,6.0,0.0,1578
Small Items,SS Bowl,SS Bowl 36cm,8.0,0.0,1579
Small Items,"SS Platforms Cart, U",,0.0,5.0,1580
Small Items,SS Single-Line Food Share Cart,,0.0,1.0,1581
Small Items,SS Single-Line Tray Trolley,,0.0,1.0,1582
Small Items,SS Single High Pressure Burner,SS Single High Pressure Burner 0.80mLx0.60mWx0.80,0.0,0.0,1583
Small Items,SS Stock Pot 012AH,,0.0,0.0,1584
Small Items,SS Stock Pot 012BH,,0.0,0.0,1585
Small Items,SS Stock Pot 024A,,0.0,0.0,1586
Small Items,SS Stock Pot 032B,,0.0,0.0,1587
Small Items,SS Stock Pot 036AH,,0.0,0.0,1588
Small Items,SS Stock Pot 036BH,,0.0,0.0,1589
Small Items,SS Stock Pot 09A,,0.0,0.0,1590
Small Items,SS Table w/ bottom shelves,"44""x28""x32""",0.0,0.0,1591
Small Items,ST-900D,Stainless Cake Table - 2 Drawer,0.0,10.0,1592
Small Items,St. Joseph Statue,,0.0,0.0,1593
Small Items,Stainless Steel Table w/ Bottom,Stainless Steel Table w/ Bottom Shelve,0.0,0.0,1594
Small Items,Staple Wire #35,,1.0,0.0,1595
Small Items,Storage Box 6.5L,,7.0,0.0,1596
Small Items,Surveillance SD Card,Surveillance SD Card 64g Capacity,0.0,0.0,1597
Small Items,Swob,Mop Head w/ Handle,0.0,0.0,1598
Small Items,Table Can Opener TCO-01,,0.0,0.0,1599
Small Items,Trash Bag,M) (Trash Bag (M),6.0,0.0,1600
Small Items,Trash Bag,XL) (Trash Bag (XL),6.0,0.0,1601
Small Items,Trash Can,,0.0,0.0,1602
Small Items,Trash Can 20L Black,,4.0,0.0,1603
Small Items,"Tray Cart, 15 Tier",,0.0,0.0,1604
Small Items,"TV 32"" Brand TCL",,0.0,0.0,1605
Small Items,"U- Panadero Red, 2XL",Uniform with Embroidery Logo,0.0,0.0,1606
Small Items,"U- Panadero Red, M",Uniform with Embroidery Logo,0.0,0.0,1607
Small Items,"U- Panadero Red, XL",Uniform with Embroidery Logo,0.0,0.0,1608
Small Items,U - Panadero Blue,Navy Blue Customized Drifit Poloshirt with Embroidery (Team Le,0.0,0.0,1609
Small Items,U - Panadero Red,Red Customized Drifit Poloshirt with Embroidery (cashier),0.0,0.0,1610
Small Items,U - PKE Polo Shirt,PKE Polo Shirt,0.0,0.0,1611
Small Items,V-Belt-A-29 Bando,,0.0,0.0,1612
Small Items,Waste Bin Foot Operated 60L,,0.0,0.0,1613
Small Items,White Board,,1.0,0.0,1614
Small Items,White Board Marker Black,,2.0,0.0,1615
Small Items,White Plate Plastic,,30.0,0.0,1616
Small Items,Wooden Serving Tray,,0.0,0.0,1617
Spare Parts,141B,141B (24pcs per box),29.0,0.0,1620
Spare Parts,15uf - 450VAC,for bread slicer,0.0,0.0,1621
Spare Parts,20KVA Step Down transformer 3P,20KVA Step Down transformer 3Phase,0.0,0.0,1622
Spare Parts,3 Wind Speed Fan,,0.0,0.0,1623
Spare Parts,3m Electric Tape Big,,3.0,0.0,1624
Spare Parts,3r IC Relay,,0.0,0.0,1625
Spare Parts,4P Tact Switch,,40.0,0.0,1626
Spare Parts,500 UF Starting Capacitor Metal,,0.0,0.0,1627
Spare Parts,507 Refrigerant,,0.0,0.0,1628
Spare Parts,AC Pipe Insulation,,0.0,0.0,1629
Spare Parts,Access valve,,58.0,0.0,1630
Spare Parts,Adjustable Pressure Washer,with hose,0.0,0.0,1631
Spare Parts,Allen bolt,8x55) (Allen bolt (8x55),0.0,0.0,1632
Spare Parts,Allen Bolt 10x30mm w/nut & wash,,92.0,0.0,1633
Spare Parts,Allen Bolt 10x40mm w/nut & wash,,85.0,0.0,1634
Spare Parts,Allen Bolt 8x20,,0.0,0.0,1635
Spare Parts,Allen Bolt 8x25mm w/ nut & wash,,0.0,0.0,1636
Spare Parts,Allen Bolt 8x60mm w/nut & wash,,48.0,0.0,1637
Spare Parts,Allen Set,,0.0,0.0,1638
Spare Parts,Aluminum Checkered Plate4x8x1.2,Aluminum Checkered Plate4x8x1.2mm,0.0,0.0,1639
Spare Parts,Aluminum Tube,,0.0,0.0,1640
Spare Parts,Anchor Grit 1/4,,0.0,0.0,1641
Spare Parts,Angle Molding White 2x2x8ft,,0.0,0.0,1642
Spare Parts,AS-F815 - Heater,Round Electric Heater,0.0,0.0,1643
Spare Parts,Asbestos Wire #12,,84.0,0.0,1644
Spare Parts,ASGB-368 Gas Igniter,ASGB-368 Gas Chicken Rotesserie Part - Igniter,0.0,100.0,1645
Spare Parts,Assembly Switch,C-40 Automatic Ignation Switch,0.0,0.0,1646
Spare Parts,Automatic Emergency 2x1 LED,,0.0,0.0,1647
Spare Parts,AVR,AVR 5kva 220v (for freezer and chiller),1.0,0.0,1648
Spare Parts,AVR 3KVA,,0.0,0.0,1649
Spare Parts,AVR 5KVA for Freezer,,0.0,0.0,1650
Spare Parts,AVR Cake Chiller,AVR 2000 Watts for Cake Chiller,0.0,0.0,1651
Spare Parts,AVR for Computer,,0.0,0.0,1652
Spare Parts,Bain Marie Heating Element,,9.0,0.0,1653
Spare Parts,"Barrel Bolt / Push Bolt 3""",,0.0,0.0,1654
Spare Parts,Barrel Bolt 1 1/2,,31.0,0.0,1655
Spare Parts,Battery,Heavylight Gold,0.0,0.0,1656
Spare Parts,Bearing-POL NSK,Bearing-POL NSK-6206DUCM,0.0,0.0,1657
Spare Parts,Bearing,6206 NTN) (Bearing (6206 NTN),0.0,0.0,1658
Spare Parts,Bearing,fog 6006) (Bearing (fog 6006),7.0,0.0,1659
Spare Parts,Bearing,FOG 6205) (Bearing (FOG 6205),3.0,0.0,1660
Spare Parts,Bearing,fog 6206) (Bearing (fog 6206),2.0,0.0,1661
Spare Parts,Bearing 1205,,35.0,0.0,1662
Spare Parts,Bearing 6003,Bearing (6003),0.0,0.0,1663
Spare Parts,Bearing 6004,,0.0,0.0,1664
Spare Parts,Bearing 6005 HLB,,8.0,0.0,1665
Spare Parts,Bearing 6006-NSK,,0.0,0.0,1666
Spare Parts,Bearing 6006 HLB,,0.0,0.0,1667
Spare Parts,Bearing 6203 DD,,0.0,0.0,1668
Spare Parts,Bearing 6204,,0.0,0.0,1669
Spare Parts,Bearing 6205 DD,,12.0,0.0,1670
Spare Parts,Bearing 6205 HLB,,0.0,0.0,1671
Spare Parts,Bearing 6206 HLB,,10.0,0.0,1672
Spare Parts,Bearing 6207,,4.0,0.0,1673
Spare Parts,Bearing,Fog6005) (Bearing(Fog6005),0.0,0.0,1674
Spare Parts,Beater for B20,,0.0,0.0,1675
Spare Parts,"Belt for Meat Mincer 10""",,0.0,0.0,1676
Spare Parts,Beverage Chiller Led Lights,Beverage Chiller:LED Lights,0.0,0.0,1677
Spare Parts,Beverage Chiller Wheels,,0.0,0.0,1678
Spare Parts,Big Fan Motor,,0.0,0.0,1679
Spare Parts,"Blade - Bread Slicer , 27.2cm",,67.0,0.0,1680
Spare Parts,Blade - Bread Slicer Big Loc,,0.0,0.0,1681
Spare Parts,Blade Assembly Set for Blender,Compatible with TM 767 and 800,11.0,0.0,1682
Spare Parts,Blender Knife,,8.0,0.0,1683
Spare Parts,Blind Revits 1/8,,3666.0,0.0,1684
Spare Parts,Blow Torch,,0.0,0.0,1685
Spare Parts,Blowing/Cooling Fan,Blowing/Cooling Fan for Snow Flakes Machine,2.0,0.0,1686
Spare Parts,Bolt 10x25,,0.0,0.0,1687
Spare Parts,Bolt BL-353,Bolt BL-353-,10.0,0.0,1688
Spare Parts,Bolt BL-389,,5.0,0.0,1689
Spare Parts,Bolt w/ washer,,0.0,0.0,1690
Spare Parts,Bone Saw Blade,,7.0,118.0,1691
Spare Parts,Boots,,0.0,0.0,1692
Spare Parts,BORAX,,0.0,0.0,1693
Spare Parts,Borax for Copper,,0.0,0.0,1694
Spare Parts,Bowl for B20,,0.0,1.0,1695
Spare Parts,Bowl Parts B20,,0.0,0.0,1696
Spare Parts,Bowl Post for S.Mixer HS20/30,,0.0,0.0,1697
Spare Parts,Bowl Post for S.Mixer HS40,,0.0,0.0,1698
Spare Parts,Bowl Post for S.Mixer HS50/60,,0.0,0.0,1699
Spare Parts,Bracket for Cooling Grills,,0.0,20.0,1700
Spare Parts,Brass Fitting,,27.0,0.0,1701
Spare Parts,Brass Nuts,,1.0,0.0,1702
Spare Parts,Bridge Rectifier,,0.0,0.0,1703
Spare Parts,Bronze Rod,,16.0,0.0,1704
Spare Parts,Bullet Feet,For Princeton Hotel Pagadian,0.0,2.0,1705
Spare Parts,Burner Knob,,18.0,0.0,1706
Spare Parts,"Cable Tie 10""",,0.0,0.0,1707
Spare Parts,"Cable Tie 3""",,0.0,0.0,1708
Spare Parts,Cable Tie 4x150mm,,0.0,0.0,1709
Spare Parts,Cake Chiller - LED Light,,0.0,0.0,1710
Spare Parts,Cake Chiller Compressor,Cake Chiller Compressor 1/3hp R134a (Embraco Brand for R,0.0,0.0,1711
Spare Parts,Cake Chiller Compressor 1/2HP,Tecumseh Cake Chiller Compressor AN150XML 134A 1/,0.0,0.0,1712
Spare Parts,Cake Chiller Digital Controller,Cake Chiller Digital Controller(SF-373),8.0,0.0,1713
Spare Parts,Cake Chiller Door Roller,,0.0,0.0,1714
Spare Parts,Cake Chiller Door Roller,Alu) (Cake Chiller Door Roller (Aluminum Railings),0.0,0.0,1715
Spare Parts,Cake Chiller Groove,Cake Chiller Groove for Sliding Door 1270mmL*50mmW,0.0,3.0,1716
Spare Parts,Cake Chiller SlidingDoor Roller,Cake Chiller- Sliding Door Roller,0.0,0.0,1717
Spare Parts,Capacitor,1uf) (Capacitor (1uf),43.0,0.0,1718
Spare Parts,Capacitor,Silver) (Capacitor 250vac 200 uf - Silver,0.0,0.0,1719
Spare Parts,Capacitor 1.8 UF,P. Donut) (Capacitor 1.8 UF (P. Donut),0.0,0.0,1720
Spare Parts,Capacitor 119uf 220vac,,0.0,0.0,1721
Spare Parts,Capacitor 200uf,Capacitor 250vac 200uf,0.0,0.0,1722
Spare Parts,Capacitor 20uf,,0.0,0.0,1723
Spare Parts,capacitor 250 uf,,0.0,0.0,1724
Spare Parts,Capacitor 25uf 450v AC,,8.0,0.0,1725
Spare Parts,Capacitor 3 uf,,2.0,0.0,1726
Spare Parts,capacitor 40 uf,,0.0,0.0,1727
Spare Parts,Capacitor 5 uf,,2.0,0.0,1728
Spare Parts,Capacitor w/ Terminal,,2.0,0.0,1729
Spare Parts,Capillary Tube,Capillary Tube 1/8 x 10ft,7.0,0.0,1730
Spare Parts,Capillary Tube 1/3HP-,Capillary Tube 1/3HP,20.0,0.0,1731
Spare Parts,Carbon Brush,for JTC Blender,0.0,0.0,1732
Spare Parts,Catch All Filter Drier 3/8,,0.0,0.0,1733
Spare Parts,CCTV Power Supply,,0.0,0.0,1734
Spare Parts,Ceiling Cladding White,Ceiling Cladding White 80cm x 10ft,0.0,0.0,1735
Spare Parts,Center Post & Post Holder,"Center Post & Post Holder for Spiral Mixer 8kg, 12kg",32.0,15.0,1736
Spare Parts,Center Post & Post Holder 16kg,Center Post & Post Holder Spiral Mixer 16kg,13.0,5.0,1737
Spare Parts,Center Post & Post Holder 20kg,Center Post & Post Holder Spiral Mixer 20kg 25Kg,0.0,0.0,1738
Spare Parts,Chain 1/28Hx120L,,0.0,0.0,1739
Spare Parts,Chain 428H,for Spiral Mixer,17.0,0.0,1740
Spare Parts,Chain for HS20/HS30,Spiral Mixer Chain,0.0,50.0,1741
Spare Parts,Chain for HS40/50/60,Spiral Mixer Chain,0.0,50.0,1742
Spare Parts,Channel Machine Motherboard,for Conveyor Dishwashing Machine,0.0,0.0,1743
Spare Parts,Chiller,AN150XML220V 60HZ,0.0,5.0,1744
Spare Parts,Chiller AVR-2KVA,,0.0,0.0,1745
Spare Parts,Chiller Capacitor,,0.0,0.0,1746
Spare Parts,Chiller Compresor Secop,Compresor Secop SC21G 3/4cv R134A 220v Alta Media Baja,0.0,25.0,1747
Spare Parts,Chiller Fan Blower,,0.0,0.0,1748
Spare Parts,Chiller Temperature Control,Chiller Temperature Control(SF-101),0.0,0.0,1749
Spare Parts,Chiller Temperature Control - D,Chiller Temperature Control - Dual(HS-104),0.0,0.0,1750
Spare Parts,Chiller/Freezer Door Gasket,,0.0,0.0,1751
Spare Parts,Chilller Condenser Fan Motor,Chilller 661 Condenser Fan Motor,0.0,0.0,1752
Spare Parts,Disposable Piping Bag,Chopstick Stainless,0.0,0.0,1754
Spare Parts,Chopstick Stainless,Chopstick Stainless — Chopstick Stainless) - Other,0.0,0.0,1755
Spare Parts,Circlip 18.5x0x1.2,,0.0,0.0,1757
Spare Parts,Circlip 19.5x1.2,,6.0,0.0,1758
Spare Parts,Circlip 25.9x1.5,,0.0,0.0,1759
Spare Parts,Circlip 25x1.2,,0.0,0.0,1760
Spare Parts,"Coaster Wheel 4""",,0.0,0.0,1761
Spare Parts,Compressor,Compressor 1/6 LAR8 134A,2.0,0.0,1762
Spare Parts,Compressor- SC18CLx.2,"Compressor, R404a- SC18CLx.2 Danfoss/Secop",10.0,8.0,1763
Spare Parts,Compressor - Matsushita,1/4hp) (Compressor - Matsushita (1/4hp),0.0,0.0,1764
Spare Parts,Compressor - SC12G,Compressor - SC12G R134A Danfoss/Secop,1.0,13.0,1765
Spare Parts,Compressor - SC15G R134a,Compressor - SC15G R134a Danfoss,6.0,12.0,1766
Spare Parts,Compressor 1/6 hp,Compressor 1/6 LAR8 134A,0.0,0.0,1767
Spare Parts,Compressor FF120HB 220.240 60Hz,,0.0,0.0,1768
Spare Parts,Compressor for Chiller,For Princeton Hotel Pagadian,0.0,1.0,1769
Spare Parts,Compressor Kulthorn C-BZN200LGZ,,0.0,0.0,1770
Spare Parts,Compressor of 4 Doors Freezer,,0.0,0.0,1771
Spare Parts,Compressor Oil for R404,,0.0,0.0,1772
Spare Parts,Compressor Panasonic 1/4HP,,0.0,0.0,1773
Spare Parts,Compressor QD59,,0.0,0.0,1774
Spare Parts,Compressor R134 HP 1/4,,0.0,0.0,1775
Spare Parts,Compressor R134A,Compressor Refrigeration Kulthorn CBZN-110LGZ 1/6HP R-134A 220V,1.0,0.0,1776
Spare Parts,Compressor SC12MLX 2606,,0.0,0.0,1777
Spare Parts,Compressor SC15MLX R404,Compressor R404 (SC15MLX) Brand: Secop,0.0,0.0,1778
Spare Parts,Compressor SC18MLX,,0.0,0.0,1779
Spare Parts,Concrete Tox,,0.0,0.0,1780
Spare Parts,Condenser Fan Basic,,12.0,169.0,1781
Spare Parts,Condenser Fan for Ch/Fr,,16.0,177.0,1782
Spare Parts,Contactor for HS20/30,,0.0,107.0,1783
Spare Parts,Contactor for Spiral Mixer,,3.0,111.0,1784
Spare Parts,Control Board - Ice Maker 60kg,,0.0,0.0,1785
Spare Parts,Control Panel for HS40,,3.0,0.0,1786
Spare Parts,Control Panel for HS50,,0.0,0.0,1787
Spare Parts,Control Panel for HS60,,7.0,0.0,1788
Spare Parts,Control Panel for SXBP-50,Spiral Mixer parts,1.0,0.0,1789
Spare Parts,Convan bolt,,0.0,0.0,1790
Spare Parts,Copper Gas Pipe Line 1/4,,3.0,0.0,1791
Spare Parts,Copper insulation,,1.0,0.0,1792
Spare Parts,Copper Tube 1/4,Copper Tube 1/4 (15meters/roll),2.0,0.0,1793
Spare Parts,Copper Tube 1/8,,10.0,0.0,1794
Spare Parts,Copper Tube 3/8,,0.0,0.0,1795
Spare Parts,Copper Tube 5/16,,0.0,0.0,1796
Spare Parts,Copper Tube 5/16- New,Copper Tube 5/16,10.0,0.0,1797
Spare Parts,Copper Tube Bender 3n1,,0.0,0.0,1798
Spare Parts,Cutter,,0.0,0.0,1799
Spare Parts,Cutting Chain,,0.0,0.0,1800
Spare Parts,Cutting Disc Heavy Duty,,0.0,0.0,1801
Spare Parts,Cutting disk,,13.0,0.0,1802
Spare Parts,Danfoss NL10MF 134a Compressor,,0.0,0.0,1803
Spare Parts,Detergent Pump Motor,,0.0,0.0,1804
Spare Parts,Digital Clamp,,0.0,0.0,1805
Spare Parts,Dishwasher Water Pump Motor,,0.0,0.0,1806
Spare Parts,Donut Fryer Faucet,,2.0,0.0,1807
Spare Parts,Donut Fryer Gas Valve Igniter,,1.0,0.0,1808
Spare Parts,Donut Fryer Heater,,0.0,0.0,1809
Spare Parts,Donut Fryer Thermostat,,0.0,0.0,1810
Spare Parts,"Door Handle Chrome 5""",,0.0,0.0,1811
Spare Parts,Door Handle for 2 Deck Oven,,0.0,2.0,1812
Spare Parts,Door Handle for Chiller,,0.0,0.0,1813
Spare Parts,Door Handle Rice Steamer,Door HandleDoor Handle Rice Steame,0.0,4.0,1814
Spare Parts,Double Chain for Spiral Mixer,,0.0,0.0,1815
Spare Parts,Dough Mixer- Chain,H20) (Dough Mixer- Chain (H20),8.0,15.0,1816
Spare Parts,Dough Mixer - Belt,Dough Mixer - Belt (H20/40/50/60),18.0,0.0,1817
Spare Parts,Dough Mixer - Big Sprocket,H40 (Dough Mixer - Big Sprocket (H40/50/60),36.0,1.0,1818
Spare Parts,Dough Mixer - Chain,Dough Mixer - Chain (H40/50/60),5.0,15.0,1819
Spare Parts,Dough Mixer - Control Board,Dough Mixer - Control Board (H40/50/60),0.0,0.0,1820
Spare Parts,Dough Mixer - Small Sprocket,Dough Mixer - Small Sprocket (H40/50/60),0.0,0.0,1821
Spare Parts,Dough Mixer,H20) - Control Brd (Dough Mixer (H20) - Control Board,0.0,0.0,1822
Spare Parts,Dough Mixer,H20) Contactor (Dough Mixer (H20) Contactor,0.0,0.0,1823
Spare Parts,Dough Mixer,H20) Control Panel (Dough Mixer (H20) Control Panel,0.0,0.0,1824
Spare Parts,Dough mixer capacitor,Dough mixer running capacitor,0.0,0.0,1825
Spare Parts,Dough Mixer Contactor,Dough Mixer Contactor (H40/50/60),0.0,0.0,1826
Spare Parts,Dough Mixer Hook 12.5Kg,,0.0,0.0,1827
Spare Parts,Dough Mixer Hook 20Kg,,0.0,0.0,1828
Spare Parts,Dough Mixer Hook 8Kg,,0.0,0.0,1829
Spare Parts,Dough mixer starting capacitor,,0.0,0.0,1830
Spare Parts,Dough Mixer WG50L Belt,,0.0,0.0,1831
Spare Parts,Dough Mixer WG50L Chain,,0.0,0.0,1832
Spare Parts,Dough Mixer WG50L Digital Panel,,0.0,0.0,1833
Spare Parts,Dough Mixer WG50L Small Spracke,Dough Mixer WG50L Small Sprocket,0.0,0.0,1834
Spare Parts,Dough Mixer,H20) Big Sprocket (Dough Mixer(H20) Big Sprocket,0.0,0.0,1835
Spare Parts,Dough Mixer,H20) Small Sprocket (Dough Mixer(H20) Small Sprocket,0.0,0.0,1836
Spare Parts,Dough Sheeter Gear 35cm Dia,Dough Sheeter Gear 35cm Dia (10 Teeth),23.0,7.0,1837
Spare Parts,Dough Sheeter Gear 50cm Dia,"Dough Sheeter Gear 50cm Dia (15 teeth), Engineering",18.0,12.0,1838
Spare Parts,Dough Sheeter Only,,0.0,0.0,1839
Spare Parts,Drill Bit 1/16 for Stainless,,0.0,0.0,1840
Spare Parts,Drill Bit 1/4,,0.0,0.0,1841
Spare Parts,Drill Bit 1/8 for Stainless,,0.0,0.0,1842
Spare Parts,Drill Bit 3/8,,0.0,0.0,1843
Spare Parts,Drill Bit 5/16,,0.0,0.0,1844
Spare Parts,E- Fryer Temp. Limiter,Eletric Fryer Temperature Limiter,0.0,0.0,1845
Spare Parts,E-Fryer Thermostat,Electric Fryer Thermostat,0.0,199.0,1846
Spare Parts,El Cow Motor Fan,,0.0,0.0,1847
Spare Parts,Electric Convection Oven,Electric Convection Oven Thermostat/Temperature control,1.0,0.0,1848
Spare Parts,Electric Fryer Thermostat,"Electric Fryer Thermostat 32,20amps 200 c°",17.0,130.0,1849
Spare Parts,Electric Heater - Round,Electric Heater - Round (Soup),0.0,0.0,1850
Spare Parts,Electric Heater - Square,Electric Heater - Square Chaffing Dish,6.0,4.0,1851
Spare Parts,Electric Heater - Tea & Coffee,,0.0,0.0,1852
Spare Parts,Electric Heater 10L,Electric Heater for Fryer 10L,20.0,0.0,1853
Spare Parts,Electric Motor Push Button,for Jacketed Kettle,0.0,0.0,1854
Spare Parts,Eng. plastic,Plastic Handle,0.0,0.0,1855
Spare Parts,ESD-4A Parts Door only,ESD-4A Parts Door only with Handle,0.0,2.0,1856
Spare Parts,Evaporation Fan,For Princeton Hotel Pagadian,0.0,0.0,1857
Spare Parts,Evaporator Fan Blower 220V,,31.0,0.0,1858
Spare Parts,"Extra Btr, Hks, Whps & Bwl,B10",,0.0,0.0,1859
Spare Parts,"Extra Btr, Hks,Whps & Bowl, B8",,0.0,0.0,1860
Spare Parts,"Extra Btr, Hoks, Whps & Bwl,15",,0.0,0.0,1861
Spare Parts,"Extra btr, Hoks, whps & Bwl,20",,0.0,0.0,1862
Spare Parts,Extra Round Dish,Extra Round Dish pans,0.0,0.0,1863
Spare Parts,Extra Round w/ 2 Division pans,,0.0,0.0,1864
Spare Parts,Fan Blower for AT-1200A,,0.0,0.0,1865
Spare Parts,Fan Motor Blower for Ref,,0.0,0.0,1866
Spare Parts,Fan Motor for AT-1200A,,0.0,0.0,1867
Spare Parts,Fast Clutch for Spiral Mixer,,3.0,5.0,1868
Spare Parts,Faucet for Water Dispenser,Hot and Cold,0.0,9.0,1869
Spare Parts,Female Lugs Insulated,,0.0,0.0,1870
Spare Parts,Female Socket Lugs,,1.0,0.0,1871
Spare Parts,Female Terminal #8mm,,0.0,0.0,1872
Spare Parts,Female Terminal,Silver ) (Female Terminal ( Silver ),57.0,0.0,1873
Spare Parts,Filter Drier,Filter Drier 1/4 - Danfoss,3.0,0.0,1874
Spare Parts,Filter Drier 1/2 Danfoss,,0.0,0.0,1875
Spare Parts,Filter drier 1/4,Filter drier 1/4 (small units),0.0,0.0,1876
Spare Parts,Filter Drier 3/4,,0.0,0.0,1877
Spare Parts,Filter Drier 3/4 catch all,,2.0,0.0,1878
Spare Parts,Filter Drier 3/4 Danfoss,,0.0,0.0,1879
Spare Parts,Filter Drier 3/8,Filter Drier 3/8 - Danfoss,10.0,0.0,1880
Spare Parts,Filter Drier 3/8 DML/DCL-083 80,Filter Drier 3/8 DML/DCL-083 80L,1.0,0.0,1881
Spare Parts,Filter Drier for AT-1200A,,0.0,0.0,1882
Spare Parts,Flag Hinges #2,,86.0,0.0,1883
Spare Parts,Flare Nut 5/16,,39.0,0.0,1884
Spare Parts,Flare Union 5/16,,40.0,0.0,1885
Spare Parts,flexible orange 3/4,Flexible Orange Hose 3/4,1.0,0.0,1886
Spare Parts,Float Valve 1/2,,7.0,0.0,1887
Spare Parts,Food Heating Lamp,,2.0,4.0,1888
Spare Parts,Freezer Temp. Controller,Freezer Temp. Controller - 4 Door,0.0,0.0,1889
Spare Parts,Freezer/Chiller Temp. Control,,0.0,0.0,1890
Spare Parts,Freezer/Chiller Heater,,0.0,0.0,1891
Spare Parts,Front Glass - BCS1500,Front Glass for Cake Chiller - BCS1500,0.0,0.0,1892
Spare Parts,Fuse 250V 10A,P.Donut) (Fuse 250V 10A (P. Donut),0.0,0.0,1893
Spare Parts,Fuse Holder,P. Donut) (Fuse Holder (P. Donut),0.0,0.0,1894
Spare Parts,"Garden Hose 1/2""",,56.0,0.0,1895
Spare Parts,"Gas Burner Ignition, 3V DC",,0.0,0.0,1896
Spare Parts,Gas Deck Oven Fan Motor/Blower,,0.0,0.0,1897
Spare Parts,Gas Deck Oven Igniter,,11.0,155.0,1898
Spare Parts,Gas Fryer- Ignition Box,Gas Fryer- Ignition Box (GF-181/182),0.0,0.0,1899
Spare Parts,Gas Fryer Igniter Assembly,IGNITER ASSEMBLY AND PILOT WITH THERMOSTAT OF GAS FR,0.0,100.0,1900
Spare Parts,Gas Fryer Thermostat Assembly,,16.0,87.0,1901
Spare Parts,Gas Grill Pulse Igniter,,0.0,0.0,1902
Spare Parts,Gas Griller,Gas Griller Pilot light (igniter and sensor),10.0,0.0,1903
Spare Parts,Gas Ignitor 1 Terminal,1.5 Electronic - for Fryer,7.0,108.0,1904
Spare Parts,Gas Oven Nozzle,,1.0,29.0,1905
Spare Parts,Gas Rice Steamer,Igniter Assembly and Pilot,1.0,21.0,1906
Spare Parts,Gasket for Freezer,,3.0,10.0,1907
Spare Parts,Gasket Maker,,0.0,0.0,1908
Spare Parts,Generator Voltage regulator,Generator Voltage regulator 8-10KVA,0.0,0.0,1909
Spare Parts,Glass door for 3 deck 18 trays,,0.0,2.0,1910
Spare Parts,Glass Door for Cake Chiller 150,"Glass Door for Cake Chiller, BCS-1500",0.0,0.0,1911
Spare Parts,Glass Oven for 12 trays,,0.0,0.0,1912
Spare Parts,Glass Oven for 18 trays,,0.0,0.0,1913
Spare Parts,Grinding Disk P.House,,0.0,0.0,1914
Spare Parts,Ground Plug 20A 250V,,0.0,0.0,1915
Spare Parts,Heater for 11L Electric Fryer,,6.0,0.0,1916
Spare Parts,Heater for Bain Marie AS-4V,,0.0,0.0,1917
Spare Parts,Heater for Efryer 25L,,2.0,9.0,1918
Spare Parts,Heater for Electric Siopao,,0.0,9.0,1919
Spare Parts,Heating Elements for Fryer,,0.0,0.0,1920
Spare Parts,Hi Temp Grease 2kls,,0.0,0.0,1921
Spare Parts,Hi temp Grease Top1,Hi temp Grease Top1 16 oz,0.0,0.0,1922
Spare Parts,High Pressure Burner Igniter,High Pressure Burner Igniter/Ignation w/ knob,5.0,0.0,1923
Spare Parts,High Pressure Burner Igniter/Ig,High Pressure Burner Igniter/Ignation w/ knob,0.0,0.0,1924
Spare Parts,High Pressure Washer Portable,,1.0,0.0,1925
Spare Parts,High Temperature Rubber Gasket,,0.0,0.0,1926
Spare Parts,"Hinges 2""",,0.0,0.0,1927
Spare Parts,Hole Sew for Metal,,0.0,0.0,1928
Spare Parts,Hook and Shelves - 4 Door Fr,,0.0,120.0,1929
Spare Parts,Hook for B20,,0.0,0.0,1930
Spare Parts,Hooks,For Princeton Hotel Pagadian,0.0,2.0,1931
Spare Parts,Hose for 10lbs Fire Ex,,0.0,0.0,1932
Spare Parts,Igniter Assembly & Pilot,with thermostat for gas fryer,0.0,0.0,1933
Spare Parts,Ignition Assembly for Rice Stea,Ignition Assembly for Rice Steamer,14.0,25.0,1934
Spare Parts,IGO SS Float Switch,,0.0,0.0,1935
Spare Parts,Indicator Light,G) (Indicator Signal Led Pilot Light (Green),0.0,0.0,1936
Spare Parts,Indicator Light,R) (Indicator Signal Led Pilot Light (Red),0.0,0.0,1937
Spare Parts,Industrial Relay,"Industrial Relay, AC220V /10A - No socket",0.0,0.0,1938
Spare Parts,inJoy NO2 Cartridge,Charger) (inJoy NO2 Cartridge (Charger),0.0,0.0,1939
Spare Parts,J Moulding 2x2x8ft,,0.0,0.0,1940
Spare Parts,JC-105,Temperature Controler for Freezer JC-105,0.0,0.0,1941
Spare Parts,JTC Blender Control Panel,,4.0,0.0,1942
Spare Parts,JTC Blender Pitcher 2.0L,,2.0,5.0,1943
Spare Parts,JTC Blender Switch,Red,5.0,6.0,1944
Spare Parts,Juice Dispenser Pitcher Only,,0.0,0.0,1945
Spare Parts,Juice Dispenser Tap Only,,0.0,0.0,1946
Spare Parts,KS6806GH - Heater,Round Electric Heater,0.0,6.0,1947
Spare Parts,Lamp for Chiller,For Princeton Hotel Pagadian,0.0,0.0,1948
Spare Parts,lamp halogen 100 w,halogen lamp,5.0,0.0,1949
Spare Parts,Led bulb,15 watts) (Led bulb(15 watts),0.0,0.0,1950
Spare Parts,Liquid Conduit,,0.0,0.0,1951
Spare Parts,Liquid Conduit M,,0.0,0.0,1952
Spare Parts,Liquid Tight Connector 1inc,,0.0,0.0,1953
Spare Parts,Lock Washer 3/8,,0.0,0.0,1954
Spare Parts,Magnet Ref Gasket,,0.0,0.0,1955
Spare Parts,Magnetic Contactor,,0.0,0.0,1956
Spare Parts,Magnetic Door,,0.0,0.0,1957
Spare Parts,Male Plug 20amps,,0.0,0.0,1958
Spare Parts,Manifold Gauge,,0.0,0.0,1959
Spare Parts,Mapp Gas,,0.0,0.0,1960
Spare Parts,Mapp Gas HeadHeatPro Disposable,Mapp Gas HeadHeatPro Disposable 3800'F,0.0,0.0,1961
Spare Parts,Meat Grinder Blade for TK-12,,0.0,0.0,1962
Spare Parts,Meat Grinder Blade for TK-22,,0.0,0.0,1963
Spare Parts,Meat Slicer Belt 250mm,Meat Slicer Belt 250mm - AS-250B1,9.0,40.0,1964
Spare Parts,Meat Slicer Belt 300mm,Meat Slicer Belt 300mm - AS300B1,9.0,40.0,1965
Spare Parts,Meat Slicer Knife for AS-250B1,,0.0,0.0,1966
Spare Parts,Meat Slicer Knife for AS-300B1,,0.0,0.0,1967
Spare Parts,Meat Slicer Whetstone,,0.0,0.0,1968
Spare Parts,Mechanical Interlock,for Spiral Mixer,10.0,6.0,1969
Spare Parts,Mop Gas Torch,,0.0,0.0,1970
Spare Parts,Nitrogen Adaptor,,0.0,0.0,1971
Spare Parts,Nitrogen Pressure Regulator,Nitrogen Pressure Regulator w/ hose and connector,0.0,0.0,1972
Spare Parts,Nitrogen with refill tank,,0.0,0.0,1973
Spare Parts,Nut 1/2,,40.0,0.0,1974
Spare Parts,Nut 3/4,,0.0,0.0,1975
Spare Parts,Nut 3/8,,0.0,0.0,1976
Spare Parts,NUT STAINLESS,,0.0,0.0,1977
Spare Parts,Offset link Chain,,19.0,0.0,1978
Spare Parts,Oil,Vacuum Machine) (Oil (Vacuum Machine),1.0,0.0,1979
Spare Parts,Oil Seal,Oil Seal 40x25x10,0.0,0.0,1980
Spare Parts,Oil Seal 40x20x10,,0.0,0.0,1981
Spare Parts,Oil Seal 62x35x10,,9.0,0.0,1982
Spare Parts,Onhich 12 w,,0.0,0.0,1983
Spare Parts,Oven Blower,,9.0,150.0,1984
Spare Parts,Oven Buzzer,,9.0,4.0,1985
Spare Parts,Oven Door Handle,,2.0,5.0,1986
Spare Parts,Oven Door Spring,,76.0,310.0,1987
Spare Parts,Oven Door Spring - Local,,0.0,0.0,1988
Spare Parts,Oven feet for HGB20Q,,5.0,0.0,1989
Spare Parts,Oven Lamp,,0.0,0.0,1990
Spare Parts,Oven Light Bulb,,57.0,0.0,1991
Spare Parts,oven on/off button,over on/off button,9.0,0.0,1992
Spare Parts,"Oven Porcelain Igniter, L","Oven Porcelain Igniter, L Shape",34.0,0.0,1993
Spare Parts,"Oven Porcelain Igniter, S","Oven Porcelain Igniter, S Shape",21.0,0.0,1994
Spare Parts,Oven Sensor,,5.0,129.0,1995
Spare Parts,Oven Solenoid Valve,Oven Solinoid Valve,6.0,0.0,1996
Spare Parts,Oven Tack Switch,,0.0,100.0,1997
Spare Parts,Oven Temperature Control,,12.0,121.0,1998
Spare Parts,Oven Temperature Sensor,,0.0,0.0,1999
Spare Parts,Oven Timer,,44.0,100.0,2000
Spare Parts,Oven Timer for Conviction oven,Oven Timer for conviction oven - 60min,0.0,0.0,2001
Spare Parts,Overload CHNT NR2-25/Z,for Spiral Mixer,5.0,5.0,2002
Spare Parts,Overload Relay,protector ) (Overload Relay( protector ),2.0,0.0,2003
Spare Parts,Petrol Valve,for 25L Fryer,0.0,2.0,2004
Spare Parts,Pilot Assembly for 4 Burner,4 Range Burner AGH-987A,0.0,48.0,2005
Spare Parts,Pilot Burner for Gas Fryer,,0.0,0.0,2006
Spare Parts,Pilot Light for E-Fryer Green,,51.0,100.0,2007
Spare Parts,Pilot Light for E-Fryer Red,,56.0,100.0,2008
Spare Parts,Plain Washer,,0.0,0.0,2009
Spare Parts,Plain Washer 3/8,,48.0,0.0,2010
Spare Parts,Plug Type Lugs,,0.0,0.0,2011
Spare Parts,Pressure Gauge,,0.0,0.0,2012
Spare Parts,Proofer- Heater,Proofer: Heater,0.0,0.0,2013
Spare Parts,Proofer - Dry Burning Tube,Proofer Parts: Dry Burning Tube,0.0,0.0,2014
Spare Parts,Proofer - Temp. Control,Proofer Parts:Temperature Control,0.0,0.0,2015
Spare Parts,Pulse Igniter,Pulse Igniter Controller for 2 Tank Fryer,0.0,0.0,2016
Spare Parts,Push Button Switch,for Bonesaw Machine ASJ210,0.0,0.0,2017
Spare Parts,Push Button Switch - Green,,86.0,200.0,2018
Spare Parts,Push Button Switch - Red,,89.0,209.0,2019
Spare Parts,Push Button Switch - Yellow,,47.0,151.0,2020
Spare Parts,PVC Strip Curtain 2mmx50m Clear,,0.0,0.0,2021
Spare Parts,PVC Strip Holder Aluminum 108cm,,0.0,0.0,2022
Spare Parts,Pvcduct tape,,0.0,0.0,2023
Spare Parts,Pylox White,,0.0,0.0,2024
Spare Parts,R134A Refregerant,,22.6,0.0,2025
Spare Parts,R141B,R141B FREON,0.0,0.0,2026
Spare Parts,R404A Refregerant,,12.8,2.1,2027
Spare Parts,Recessed Downlight 12Watts,Zigm (Recessed Downlight 12Watts(Zigma),0.0,0.0,2028
Spare Parts,Recessed Downlight 15watts,"Recessed Downlight 15watts, Round Type (Daylight)",0.0,0.0,2029
Spare Parts,Rechargargeable Battery Sealed,,0.0,0.0,2030
Spare Parts,Rechargeable Battery Sealed,,0.0,0.0,2031
Spare Parts,Refrigerant 404A,,0.0,0.0,2032
Spare Parts,Refrigerant R290,Refrigerant R290 Freon 5kg,4.0,0.0,2033
Spare Parts,Refrigerant 410,,0.0,0.0,2034
Spare Parts,Refrigerant A404A,Refrigerant A404A -,0.6,0.0,2035
Spare Parts,Refrigerant Detector,,0.0,0.0,2036
Spare Parts,Refrigerant R134A,,0.0,0.0,2037
Spare Parts,Refrigerant R290,,0.0,0.0,2038
Spare Parts,Refrigerant R600,,2.0,0.0,2039
Spare Parts,Relay 3 Pin,,2.0,0.0,2040
Spare Parts,Reset Button for Rotary Oven,,0.0,0.0,2041
Spare Parts,Rewinding Machine,,0.0,0.0,2042
Spare Parts,Rice Steamer Gas Valve Igniter,,0.0,21.0,2043
Spare Parts,Ring Type 8mm,,0.0,0.0,2044
Spare Parts,Rinse Pipe and Nozzle,For Conveyor Dish Washing Machine,0.0,0.0,2045
Spare Parts,Rocker Switch 40A,,4.0,81.0,2046
Spare Parts,Rotary oven Burner Relay,,0.0,0.0,2047
Spare Parts,Rotate Tray For Snow Flake Ice,Rotate Tray For Snow Flake Ice Machine,0.0,0.0,2048
Spare Parts,Royal Cord No. 12 AWG 2C,,0.0,0.0,2049
Spare Parts,Running Capacitor,Running Capacitor (2nd Hand),0.0,0.0,2050
Spare Parts,Running Capacitor,25uf/450vac) (Running Capacitor (25uf/450vac),1.0,0.0,2051
Spare Parts,Running Capacitor 25uf,,0.0,0.0,2052
Spare Parts,Running Capacitor 35Fu/450V,,0.0,0.0,2053
Spare Parts,"Running Capacitor, 30UF",,0.0,0.0,2054
Spare Parts,Sanding Disk #80,,0.0,0.0,2055
Spare Parts,"Screw # 2""",,0.0,0.0,2056
Spare Parts,Screw 5X10,,11.0,0.0,2057
Spare Parts,Screw 6x12,,43.0,0.0,2058
Spare Parts,Screw 7x1/4,,38.0,0.0,2059
Spare Parts,"Screw# 1/2""",,0.0,0.0,2060
Spare Parts,Sensor - Automatic Electric Don,Sensor - Automatic Electric Donut Machine(Micro,0.0,20.0,2061
Spare Parts,Sensor with Timer- Automatic El,Sensor with Timer- Automatic Electric Donut Mach,0.0,12.0,2062
Spare Parts,Shrinkable Tube,,5.0,0.0,2063
Spare Parts,Silicon Sealant Black,,0.0,0.0,2064
Spare Parts,Silicon Sealant Clear,,0.0,0.0,2065
Spare Parts,Silver Rod,,40.0,0.0,2066
Spare Parts,Silver Rod 0% 1/8 x 18 Flat WMB,,0.0,0.0,2067
Spare Parts,Sinkable tube,8mm) (Sinkable tube (8mm) 40 inches = 1 meter,0.0,0.0,2068
Spare Parts,Sleeve Ring 5/16,,0.0,0.0,2069
Spare Parts,Sliding Door Roller,,0.0,0.0,2070
Spare Parts,Slow Clutch for Spiral Mixer,,7.0,24.0,2071
Spare Parts,Soldering Iron Adjustable,,0.0,0.0,2072
Spare Parts,Soldering Lead,,0.0,0.0,2073
Spare Parts,Soldering Paste,,0.0,0.0,2074
Spare Parts,Soldering Pump,,0.0,0.0,2075
Spare Parts,Soldering Tip,,0.0,0.0,2076
Spare Parts,Solenoid/Electric Valve,,0.0,0.0,2077
Spare Parts,Solid Wire THW 2.0mm,,0.0,0.0,2078
Spare Parts,Soup Hose,,0.0,0.0,2079
Spare Parts,SP-6040,Steamer Pan,0.0,0.0,2080
Spare Parts,Spaghetti Wire #2,,10.0,0.0,2081
Spare Parts,Spaghetti Wire #3,,2.0,0.0,2082
Spare Parts,Spaghetti Wire #4,,0.0,0.0,2083
Spare Parts,Spare part for warming cabinet,,0.0,3.0,2084
Spare Parts,Spare parts for Gas Salamander,AS-GS16,0.0,2.0,2085
Spare Parts,Sparepart for Spiral Mixer 25kg,Sparepart for Spiral Mixer 25kgs,0.0,0.0,2086
Spare Parts,Spark Plug 4629,,0.0,0.0,2087
Spare Parts,Spiral Hook for HS20/30,,8.0,37.0,2088
Spare Parts,Spiral Mixer- Converter Panel,,0.0,0.0,2089
Spare Parts,Spiral Mixer - Belt,WGBP-20) (Spiral Mixer - Belt (WGBP-20),0.0,0.0,2090
Spare Parts,Spiral Mixer - Belt,WGBP-30) (Spiral Mixer - Belt (WGBP-30),4.0,0.0,2091
Spare Parts,Spiral Mixer - Bowl Roller,,0.0,0.0,2092
Spare Parts,Spiral Mixer - Centrifugal,,8.0,0.0,2093
Spare Parts,Spiral Mixer Bowl,HS40) (Spiral Mixer Bowl (HS40),0.0,5.0,2094
Spare Parts,Spiral Mixer Centrifugal Switch,Spiral Mixer Electric Motor Centrifugal Switch,3.0,0.0,2095
Spare Parts,Spiral Mixer Clutch Parts,"Spiral Mixer Clutch Parts - 12.5Kg, 20Kg , 25Kg",0.0,0.0,2096
Spare Parts,Spiral Mixer Contactor,Contactor only CJX2 1210 Suitable for Spiral mixer HS20/,0.0,0.0,2097
Spare Parts,Spiral Mixer Contactor CHNT,Contactor CHNT CJX2-1810,0.0,0.0,2098
Spare Parts,Spiral Mixer Digital Timer Dela,Spiral Mixer Digital Timer Delay,0.0,0.0,2099
Spare Parts,Spiral Mixer Double Chain Lock,Spiral Mixer Double Chain Lock #06B,10.0,0.0,2100
Spare Parts,Spiral Mixer E-Motor,1-Speed) (Spiral Mixer E-Motor (1-Speed),0.0,0.0,2101
Spare Parts,Spiral Mixer Emergency Stop But,Spiral Mixer Emergency Stop Button,77.0,124.0,2102
Spare Parts,Spiral Mixer Fan Belt,"for HS20,30,40,50,60",0.0,0.0,2103
Spare Parts,Spiral Mixer Gear Set,Spiral Mixer Gear Set 20kg,0.0,0.0,2104
Spare Parts,Spiral Mixer Hook,WGBP-20) (Spiral Mixer Hook (WGBP-20),3.0,0.0,2105
Spare Parts,Spiral Mixer Hook,WGBP-30) (Spiral Mixer Hook (WGBP-30),0.0,0.0,2106
Spare Parts,Spiral Mixer Hook 16Kg,,6.0,20.0,2107
Spare Parts,Spiral Mixer Hook 25Kg,,2.0,8.0,2108
Spare Parts,Spiral Mixer Hook 50kg,,0.0,0.0,2109
Spare Parts,Spiral Mixer Hook for HS50,,0.0,15.0,2110
Spare Parts,Spiral Mixer Hook for HS60,,0.0,0.0,2111
Spare Parts,Spiral Mixer Manual Timer Delay,Spril Mixer Manual Timer Delay,0.0,0.0,2112
Spare Parts,Spiral Mixer Quick Clutch Set,Spiral Mixer- Quick Clutch Set,0.0,0.0,2113
Spare Parts,Spiral Mixer Shafting Rod HS40,Spiral Mixer Shafting Connecting Rod HS40,0.0,2.0,2114
Spare Parts,Spiral Mixer Shafting Rod HS50,Spiral Mixer Shafting Connecting Rod HS50,0.0,2.0,2115
Spare Parts,Spiral Mixer Shafting Rod HS60,Spiral Mixer Shafting Connecting Rod HS60,0.0,2.0,2116
Spare Parts,Spiral Mixer Spindle 20Kg,,0.0,0.0,2117
Spare Parts,"Spiral Mixer, E -Motor","Spiral Mixer, Electric Motor - 2 Speed",1.0,1.0,2118
Spare Parts,Square Plate White,,0.0,0.0,2119
Spare Parts,SS BOLTS,SS BOLTS 8X75,0.0,0.0,2120
Spare Parts,SS High Pressure Water Pipe,Hot and Cold,0.0,0.0,2121
Spare Parts,SS Hose Clamp 3/4,,0.0,0.0,2122
Spare Parts,SS Welding Rod 2.0,,0.0,0.0,2123
Spare Parts,Stain less Rod,,2.0,0.0,2124
Spare Parts,Stainless Allen Bolt 8x70,Stainless Allen Bolt 8x70 (Mixer),0.0,0.0,2125
Spare Parts,"Starter Solenoid Assy, Genset",,0.0,0.0,2126
Spare Parts,Starting Capacitor,Starting Capacitor 50UF 350V,1.0,0.0,2127
Spare Parts,Starting Capacitor 100uf,,0.0,0.0,2128
Spare Parts,Starting Capacitor 300uF/250V,,3.0,0.0,2129
Spare Parts,Starting Capacitor 400uF/250V,,0.0,0.0,2130
Spare Parts,Steamer Burner,,9.0,116.0,2131
Spare Parts,Steamer Float Ball,,0.0,0.0,2132
Spare Parts,Steamer Heating Tube,,0.0,0.0,2133
Spare Parts,Steamer Needle Valve,,0.0,0.0,2134
Spare Parts,Steamer Rubber Door,,6.0,0.0,2135
Spare Parts,Steering Capacitor,Steering Capacitor 200uf/330vac,0.0,0.0,2136
Spare Parts,Step Drill Cone for Drill Bits,,0.0,0.0,2137
Spare Parts,Stove Igniter Single,,0.0,0.0,2138
Spare Parts,Stricktable Tube Wire #3,,0.0,0.0,2139
Spare Parts,Stricktable Tube Wire #4,,0.0,0.0,2140
Spare Parts,Stricktable Tube Wire #5,,0.0,0.0,2141
Spare Parts,Stricktable Tube Wire #6,,0.0,0.0,2142
Spare Parts,Swagging,,0.0,0.0,2143
Spare Parts,Switch - Efryer 30A,,16.0,177.0,2144
Spare Parts,Switch - Efryer 40A,,0.0,0.0,2145
Spare Parts,Switch for Electric Fryer,,0.0,0.0,2146
Spare Parts,T Socket,,0.0,0.0,2147
Spare Parts,T5 12W Warm White,,0.0,0.0,2148
Spare Parts,T5 18w Alum 3k,,0.0,0.0,2149
Spare Parts,Tandem Grounding Receptable,,0.0,0.0,2150
Spare Parts,Teflon Tape 1/2,,19.0,0.0,2151
Spare Parts,Temp Control for V. Showcase,,0.0,0.0,2152
Spare Parts,Temp. Controller - 4 Dr Chiller,Temp. Controller - 4 Door Chiller,0.0,0.0,2153
Spare Parts,Temperature Control,,0.0,0.0,2154
Spare Parts,Temperature Control for Chiller,For Princeton Hotel Pagadian,0.0,0.0,2155
Spare Parts,Tempered Glass 52.1x47.6cm -6mm,,0.0,0.0,2156
Spare Parts,Tempered Glass 72.1x47.6cm -6mm,,0.0,0.0,2157
Spare Parts,Tension Spring 2.4x14.8x28.4mm,,9.0,0.0,2158
Spare Parts,Terminal Block by Connector,,6.0,0.0,2159
Spare Parts,Terminal Lugs Ring Type,,0.0,0.0,2160
Spare Parts,Thermal CB push button 1,Thermal cb push button 15 amp,0.0,0.0,2161
Spare Parts,Thermal Paste,,0.0,0.0,2162
Spare Parts,Thermocouple for G.Griller 60cm,,0.0,95.0,2163
Spare Parts,Thermocouple for G.Griller 63cm,,1.0,0.0,2164
Spare Parts,Thermostat,,0.0,0.0,2165
Spare Parts,Thermostat - Siopao Steamer,,2.0,0.0,2166
Spare Parts,Thermostat set 30-100degC,,0.0,0.0,2167
Spare Parts,THHN No. 10 AWG,5.5mm) 150m (THHN No. 10 AWG (5.5mm) 150m,0.0,0.0,2168
Spare Parts,Thrust Bearing 254211 APS,,0.0,0.0,2169
Spare Parts,Thumbler Switch,,0.0,0.0,2170
Spare Parts,Timer - Spiral Mixer,,8.0,39.0,2171
Spare Parts,Tire,,0.0,0.0,2172
Spare Parts,TND-3KVA,AVR- 3KVA,0.0,0.0,2173
Spare Parts,TND-5KVA,AVR 5KVA for Freezer,0.0,0.0,2174
Spare Parts,Torch Brazing,,0.0,0.0,2175
Spare Parts,Torch w/ Lighter for Gas Fryer,,0.0,10.0,2176
Spare Parts,Tox Screw,,0.0,0.0,2177
Spare Parts,Transistor FGA 25N120,,0.0,0.0,2178
Spare Parts,Tube Cutter,,0.0,0.0,2179
Spare Parts,Tube Cutter- Mini,,0.0,0.0,2180
Spare Parts,Tube for Drainage for AS-FR-0.6,,10.0,9.0,2181
Spare Parts,Tube Ring,,19.0,0.0,2182
Spare Parts,U type Heater for Bread Proofer,,0.0,0.0,2183
Spare Parts,Vacuum Pump 2in1,,0.0,0.0,2184
Spare Parts,Vacuum Pump Motor,for freezer dryer,1.0,0.0,2185
Spare Parts,WASHER,,0.0,0.0,2186
Spare Parts,Washer 10mm,,0.0,0.0,2187
Spare Parts,Water Heater for Rice Steamer,,0.0,0.0,2188
Spare Parts,Water Meter Gauge,,0.0,0.0,2189
Spare Parts,WD-40,,10.0,0.0,2190
Spare Parts,WD40 277ML,,3.0,0.0,2191
Spare Parts,WD40 Big 382ml,,0.0,0.0,2192
Spare Parts,Welding Rod,2.5) special (Welding Rod (2.5) special,0.0,0.0,2193
Spare Parts,Welding Rod 6011,Welding Rod 6011 30 pcs = 1 KL,0.0,0.0,2194
Spare Parts,Welding Rod 6013,,0.0,0.0,2195
Spare Parts,Welding Rod SS,Welding Rod SS 30pcs = 1KL,0.0,0.0,2196
Spare Parts,"Wheel for Rotary Oven, 3""",,0.0,0.0,2197
Spare Parts,Wheel Un-lock,,0.0,0.0,2198
Spare Parts,Wheels For Freezer/ Chiller,,12.0,0.0,2199
Spare Parts,White Belt for Shaper Machine,,0.0,0.0,2200
Spare Parts,X4-M203,Full Automatic Water Level Control,0.0,0.0,2201
Spare Parts,YN70-20 Motor Automatic Electri,YN70-20 Motor Automatic Electric Donut Machine,0.0,10.0,2202
Spare Parts,Spare Parts,Spare Parts) - Other,0.0,0.0,2203
